Last,First,Price,Team,City,State,Registered,CODE OF CONDUCT,Team request,YEARS PLAYED,Division,League,Age Group
Ortiz,Avery,Gunnison Winter League - C - Late Fee,Palisades,Gunnison,CO,1/10/2026 5:17,Yes,,0,C,Gunnison Winter League,Adult
Hughes,Harper,Gunnison Winter League - C League,Team GO,Gunnison,CO,1/3/2026 17:50,Yes,Hayden Cruz,,C,Gunnison Winter League,Adult
Moreno,Riley,Gunnison Winter League - C - Late Fee,All Sports,Crested butte,CO,1/2/2026 15:26,Yes,Blake Ramirez,0 years of experience!,C,Gunnison Winter League,Adult
Ward,Elliot,Gunnison Winter League - C - Late Fee,Mikey's Pizza,Gunnison,CO,12/29/2025 14:43,Yes,"Cameron Cruz, Taylor Bennett, Lennon Ibrahim, Elliot Shaw, Marley Barnes, Kendall Perry, Rowan Bishop, Noel Perry",,C,Gunnison Winter League,Adult
Ibrahim,Lennon,Gunnison Winter League - C League,,Gunnison,CO,12/25/2025 16:13,Yes,Cameron Cruz Elliot Ward Elliot Shaw Noel Perry,,C,Gunnison Winter League,Adult
Shaw,Elliot,Gunnison Winter League - C League,"Mikey's Pizza, REG",GUNNISON,CO,12/24/2025 12:30,Yes,"Elliot Ward, Cameron Cruz",,C,Gunnison Winter League,Adult
Cruz,Cameron,Gunnison Winter League - C League,"Mikey's Pizza, REG",Gunnison,CO,12/19/2025 21:05,Yes,"Elliot Shaw, Jamie Coleman, Lennon Ibrahim, Elliot Ward, Taylor Bennett, Avery Shaw-Lee, Noel Perry, Rowan Bishop",,C,Gunnison Winter League,Adult
Brooks,Skyler,Gunnison Winter League - C League,Palisades,Crested Butte,CO,12/19/2025 20:54,Yes,Hayden Hayes,,C,Gunnison Winter League,Adult
Murphy,Wren,Gunnison Winter League - C League,Mikey's Pizza,Gunnison,CO,12/17/2025 18:39,Yes,,,C,Gunnison Winter League,Adult
Bennett,Marley,Gunnison Winter League - C League,Team GO,Gunnison,CO,12/15/2025 7:25,Yes,Wren Long,"Played 2 games with friends 10 years ago, can sort of skate and hockey stop on one side.",C,Gunnison Winter League,Adult
Diaz,Cameron,Gunnison Winter League - C League,All Sports,Gunnison,CO,12/13/2025 21:36,Yes,,,C,Gunnison Winter League,Adult
Ortiz,Gray,Gunnison Winter League - C League,Team GO,Gunnison,CO,12/8/2025 10:25,Yes,Spencer Shaw,"I can skate OK, never played hockey though.",C,Gunnison Winter League,Adult
Shaw,Spencer,Gunnison Winter League - C League,"Team GO, Alpine Lumber",Gunnison,CO,12/7/2025 9:37,Yes,"Gray Ortiz, Bailey Gonzalez, Drew Long, Sawyer Ramirez",,C,Gunnison Winter League,Adult
Ramirez,Gray,Gunnison Winter League - C - Early Bird,Mikey's Pizza,Gunnison,CO,11/30/2025 21:30,Yes,"Sawyer Price, Frankie Brooks",,C,Gunnison Winter League,Adult
Perry,Sawyer,Gunnison Winter League - C - Early Bird,"GVH, Palisades",Gunnison,CO,11/30/2025 20:36,Yes,"Drew Long, Spencer Kim, Gray Jenkins, Rowan Reyes, Kendall reyes",,C,Gunnison Winter League,Adult
Brooks,Frankie,Gunnison Winter League - C - Early Bird,Mikey's Pizza,Gunnison,CO,11/30/2025 20:26,Yes,Gray Ramirez,,C,Gunnison Winter League,Adult
Cruz,Hayden,Gunnison Winter League - C - Early Bird,Team GO,Gunnison,CO,11/30/2025 19:51,Yes,Sawyer Ramirez,,C,Gunnison Winter League,Adult
Long,Drew,Gunnison Winter League - C - Early Bird,Palisades,Gunnison,CO,11/30/2025 19:49,Yes,"Sawyer Perry, Spencer + Gray, Rowan Reyes, Kendall REYES",3 seasons of C league,C,Gunnison Winter League,Adult
Diaz,Quinn,Gunnison Winter League - C - Early Bird,"GVVC, Palisades",Gunnison,CO,11/30/2025 12:36,Yes,"Rowan Reyes, kendall reyes, Drew, Sawyer…same team as last winter",Good player in C but not a top,C,Gunnison Winter League,Adult
Fisher,Morgan,Gunnison Winter League - C - Early Bird,All Sports,Gunnison,CO,11/30/2025 9:50,Yes,"Hayden Gonzalez, Casey Griffin, Rowan Perry",,C,Gunnison Winter League,Adult
Foster,Jamie,Gunnison Winter League - C - Early Bird,Team GO,Lake City,CO,11/30/2025 9:27,Yes,With Skyler Cruz,,C,Gunnison Winter League,Adult
Cruz,Skyler,Gunnison Winter League - C - Early Bird,Team GO,Lake City,CO,11/30/2025 9:26,Yes,With Jamie Foster,,C,Gunnison Winter League,Adult
Price,Sawyer,Gunnison Winter League - C - Early Bird,Mikey's Pizza,Gunnison,CO,11/29/2025 21:17,Yes,Gray Ramirez,,C,Gunnison Winter League,Adult
Reyes,Rowan,Gunnison Winter League - C - Early Bird,Palisades,Gunnison,CO,11/29/2025 20:45,Yes,"Kendall Reyes(husband), Drew Long, Sawyer Perry, Spencer Kim, Gray Jenkins, Hayden Hayes.",,C,Gunnison Winter League,Adult
Reyes,Kendall,Gunnison Winter League - C - Early Bird,"GVH, Palisades",Gunnison,CO,11/29/2025 20:41,Yes,"Rowan Reyes, Hayden Hayes, Spencer Kim, Gray Jenkins, Drew Long, Sawyer Perry",,C,Gunnison Winter League,Adult
Bennett,Sawyer,Gunnison Winter League - C - Early Bird,Palisades,Gunnison,CO,11/29/2025 16:30,Yes,,,C,Gunnison Winter League,Adult
Griffin,Casey,Gunnison Winter League - C - Early Bird,All Sports,Gunnison,CO,11/29/2025 13:27,Yes,"Morgan Fisher, Hayden gonzalez, Rowan perry, Avery legere",I am veryyyy beginner,C,Gunnison Winter League,Adult
Shaw,Kendall,Gunnison Winter League - C - Early Bird,Mikey's Pizza,Crested Butte,CO,11/28/2025 8:37,Yes,"Cameron Nguyen, Hayden Gonzalez, Noel Price, Sawyer Foster, (Elliot Shaw, Finley Carter if they stay in C)",,C,Gunnison Winter League,Adult
Hayes,Hayden,Gunnison Winter League - C - Early Bird,Palisades,Gunnison,CO,11/27/2025 21:18,Yes,"Kendall Reyes, Rowan Reyes, Skyler Brooks",,C,Gunnison Winter League,Adult
Gonzalez,Hayden,Gunnison Winter League - C - Early Bird,All Sports,Gunnison,CO,11/27/2025 9:32,Yes,"Rowan Perry, Morgan Fisher, Casey Griffin",,C,Gunnison Winter League,Adult
Perry,Rowan,Gunnison Winter League - C - Early Bird,All Sports,Gunnison,CO,11/27/2025 9:29,Yes,Hayden Gonzalez (Spouse),,C,Gunnison Winter League,Adult
Murphy,Blake,Gunnison Winter League - C - Early Bird,"All Sports, SAW",Gunnison,CO,11/25/2025 10:11,Yes,,,C,Gunnison Winter League,Adult
Foster,Quinn,Gunnison Winter League - C - Early Bird,All Sports,Gunnison,CO,11/25/2025 7:02,Yes,Blake Murphy,,C,Gunnison Winter League,Adult
Ramirez,Sawyer,Gunnison Winter League - C - Early Bird,Team GO,Gunnison,CO,11/23/2025 19:07,Yes,"Hayden Cruz, Spencer Shaw",,C,Gunnison Winter League,Adult
Perry,Cameron,Gunnison Winter League - C - Early Bird,Team GO,Gunnison,CO,11/23/2025 10:46,Yes,Emerson Nguyen,,C,Gunnison Winter League,Adult
Nguyen,Emerson,Gunnison Winter League - C - Early Bird,Team GO,Gunnison,CO,11/23/2025 10:45,Yes,Cameron Perry,,C,Gunnison Winter League,Adult
Nguyen,Cameron,Gunnison Winter League - C - Early Bird,Mikey's Pizza,Crested Butte,CO,11/18/2025 16:00,Yes,"Cameron Nguyen , Kendall Shaw, Hayden Gonzalez, Sawyer Foster",,C,Gunnison Winter League,Adult
Ramirez,Drew,Gunnison Winter League - C - Early Bird,All Sports,Crested Butte,CO,11/15/2025 8:01,Yes,Finley Foster if he plays Gunnison C League or anyone from Team Go,,C,Gunnison Winter League,Adult
Shaw,Harper,Gunnison Winter League - C - Early Bird,Mikey's Pizza,Gunnison,CO,11/13/2025 9:30,Yes,"Quinn Long, Wren Hughes, Morgan Barnes",1,C,Gunnison Winter League,Adult
Kim,Spencer,Gunnison Winter League - C - Early Bird,Palisades,Almont,CO,11/12/2025 14:51,Yes,"Gray Jenkins (Wife), Kendall & Logan Ortiz, Drew Long, Sawyer Perry",,C,Gunnison Winter League,Adult
Jenkins,Gray,Gunnison Winter League - C - Early Bird,Palisades,Gunnison,CO,11/12/2025 14:50,Yes,"Spencer Kim (Husband), Logan Ortiz, Kendall Reyes, Sawyer Perry, Drew Long",,C,Gunnison Winter League,Adult
Long,Avery,Gunnison Winter League - C - Early Bird,All Sports,Crested Butte,CO,11/10/2025 12:23,Yes,Casey Griffin & Hayden Gonzalez,"0 Years of experience, I can skate leisurely",C,Gunnison Winter League,Adult
Foster,Sawyer,Gunnison Winter League - C - Early Bird,"GVVC, Team GO",Gunnison,CO,11/8/2025 12:24,Yes,I would like to be on a team with my wife Noel Price,,C,Gunnison Winter League,Adult
Price,Noel,Gunnison Winter League - C - Early Bird,Team GO,Gunnison,CO,11/8/2025 12:23,Yes,I would like to be on a team with my husband Sawyer Foster,,C,Gunnison Winter League,Adult
Long,Quinn,Gunnison Winter League - C - Early Bird,Mikey's Pizza,Gunnison,CO,11/8/2025 6:37,Yes,Harper Shaw,0 and Intermediate,C,Gunnison Winter League,Adult
Allen,Morgan,Gunnison Winter League - A League,Alpine Lumber,Gunnison,CO,12/10/2025 16:00,Yes,,3,A,Gunnison Winter League,Adult
Brown,Spencer,Gunnison Winter League - A League,Team GO,Gunnison,CO,1/12/2026 15:00,Yes,,0,A,Gunnison Winter League,Adult
Thompson,Taylor,Gunnison Winter League - A League,All Sports,Gunnison,CO,11/5/2025 10:00,Yes,,3,A,Gunnison Winter League,Adult
Wright,Noel,Gunnison Winter League - A League,GVVC,Almont,CO,12/10/2025 16:00,Yes,,10,A,Gunnison Winter League,Adult
Hall,Reese,Gunnison Winter League - A League,Mikey's Pizza,Gunnison,CO,1/12/2026 15:00,Yes,,5,A,Gunnison Winter League,Adult
Anderson,Casey,Gunnison Winter League - A League,GVH,Gunnison,CO,11/15/2025 14:30,Yes,,1,A,Gunnison Winter League,Adult
Taylor,Morgan,Gunnison Winter League - A League,GVH,Crested Butte,CO,12/20/2025 11:00,Yes,,0,A,Gunnison Winter League,Adult
Scott,Drew,Gunnison Winter League - A League,Team GO,Almont,CO,1/12/2026 15:00,Yes,,1,A,Gunnison Winter League,Adult
Walker,Parker,Gunnison Winter League - A League,GVH,Almont,CO,12/10/2025 16:00,Yes,,1,A,Gunnison Winter League,Adult
Martinez,Rowan,Gunnison Winter League - A League,Alpine Lumber,Gunnison,CO,11/15/2025 14:30,Yes,,3,A,Gunnison Winter League,Adult
Nelson,Morgan,Gunnison Winter League - A League,Alpine Lumber,Crested Butte,CO,1/20/2026 10:30,Yes,,5,A,Gunnison Winter League,Adult
Davis,Sage,Gunnison Winter League - A League,All Sports,Crested Butte,CO,12/20/2025 11:00,Yes,,1,A,Gunnison Winter League,Adult
Young,Noel,Gunnison Winter League - A League,All Sports,Gunnison,CO,12/1/2025 9:00,Yes,,10,A,Gunnison Winter League,Adult
Taylor,Reese,Gunnison Winter League - A League,All Sports,Almont,CO,1/5/2026 8:30,Yes,,0,A,Gunnison Winter League,Adult
Wilson,Gray,Gunnison Winter League - A League,GVH,Gunnison,CO,1/12/2026 15:00,Yes,,4,A,Gunnison Winter League,Adult
Johnson,Avery,Gunnison Winter League - A League - Youth,All Sports,Crested Butte,CO,1/20/2026 10:30,Yes,,,A,Gunnison Winter League,Youth
Hill,Lennon,Gunnison Winter League - A League - Youth,Mikey's Pizza,Crested Butte,CO,12/20/2025 11:00,Yes,,2,A,Gunnison Winter League,Youth
Wilson,Spencer,Gunnison Winter League - A League - Youth,GVVC,Crested Butte,CO,1/12/2026 15:00,Yes,,5,A,Gunnison Winter League,Youth
Wilson,Casey,Gunnison Winter League - A League - Youth,Team GO,Crested Butte,CO,11/5/2025 10:00,Yes,,1,A,Gunnison Winter League,Youth
Brown,Noel,Gunnison Winter League - A League - Youth,GVVC,Gunnison,CO,11/15/2025 14:30,Yes,,,A,Gunnison Winter League,Youth
Taylor,Hayden,Gunnison Winter League - A League - Youth,Alpine Lumber,Crested Butte,CO,11/5/2025 10:00,Yes,,1,A,Gunnison Winter League,Youth
King,Sawyer,Gunnison Winter League - A League - Youth,GVH,Crested Butte,CO,11/15/2025 14:30,Yes,,4,A,Gunnison Winter League,Youth
Lee,Riley,Gunnison Winter League - A League - Youth,Palisades,Crested Butte,CO,12/20/2025 11:00,Yes,,2,A,Gunnison Winter League,Youth
Lewis,Lennon,Gunnison Winter League - A League - Youth,Alpine Lumber,Gunnison,CO,12/10/2025 16:00,Yes,,2,A,Gunnison Winter League,Youth
Smith,Wren,Gunnison Winter League - A League - Youth,Palisades,Gunnison,CO,1/5/2026 8:30,Yes,,10,A,Gunnison Winter League,Youth
Thompson,Morgan,Gunnison Winter League - B League,Alpine Lumber,Crested Butte,CO,12/10/2025 16:00,Yes,,0,B,Gunnison Winter League,Adult
Wilson,Sawyer,Gunnison Winter League - B League,Team GO,Lake City,CO,11/15/2025 14:30,Yes,,10,B,Gunnison Winter League,Adult
Adams,Taylor,Gunnison Winter League - B League,Mikey's Pizza,Lake City,CO,12/1/2025 9:00,Yes,,10,B,Gunnison Winter League,Adult
Walker,Riley,Gunnison Winter League - B League,GVVC,Crested Butte,CO,12/10/2025 16:00,Yes,,3,B,Gunnison Winter League,Adult
Wright,Parker,Gunnison Winter League - B League,GVH,Crested Butte,CO,1/20/2026 10:30,Yes,,10,B,Gunnison Winter League,Adult
Williams,Quinn,Gunnison Winter League - B League,Team GO,Gunnison,CO,1/5/2026 8:30,Yes,,0,B,Gunnison Winter League,Adult
Hall,Harper,Gunnison Winter League - B League,All Sports,Gunnison,CO,11/5/2025 10:00,Yes,,1,B,Gunnison Winter League,Adult
Wright,Noel,Gunnison Winter League - B League,All Sports,Gunnison,CO,11/15/2025 14:30,Yes,,0,B,Gunnison Winter League,Adult
Nelson,Finley,Gunnison Winter League - B League,All Sports,Gunnison,CO,12/20/2025 11:00,Yes,,10,B,Gunnison Winter League,Adult
Miller,Harper,Gunnison Winter League - B League,SAW,Gunnison,CO,12/10/2025 16:00,Yes,,10,B,Gunnison Winter League,Adult
Baker,Skyler,Gunnison Winter League - B League,Team GO,Gunnison,CO,11/15/2025 14:30,Yes,,,B,Gunnison Winter League,Adult
Smith,Skyler,Gunnison Winter League - B League,SAW,Crested Butte,CO,11/5/2025 10:00,Yes,,1,B,Gunnison Winter League,Adult
Martinez,Blake,Gunnison Winter League - B League,GVH,Lake City,CO,11/15/2025 14:30,Yes,,3,B,Gunnison Winter League,Adult
Miller,Avery,Gunnison Winter League - B League,SAW,Lake City,CO,12/1/2025 9:00,Yes,,,B,Gunnison Winter League,Adult
Davis,Reese,Gunnison Winter League - B League,All Sports,Crested Butte,CO,11/15/2025 14:30,Yes,,10,B,Gunnison Winter League,Adult
Baker,Elliot,Gunnison Winter League - B League - Youth,Palisades,Gunnison,CO,11/5/2025 10:00,Yes,,1,B,Gunnison Winter League,Youth
Ramirez,Wren,Gunnison Winter League - B League - Youth,Mikey's Pizza,Gunnison,CO,1/12/2026 15:00,Yes,,10,B,Gunnison Winter League,Youth
Clark,Avery,Gunnison Winter League - B League - Youth,Palisades,Almont,CO,12/1/2025 9:00,Yes,,,B,Gunnison Winter League,Youth
Thompson,Blake,Gunnison Winter League - B League - Youth,SAW,Almont,CO,12/20/2025 11:00,Yes,,,B,Gunnison Winter League,Youth
Wright,Spencer,Gunnison Winter League - B League - Youth,Mikey's Pizza,Almont,CO,12/10/2025 16:00,Yes,,4,B,Gunnison Winter League,Youth
Miller,Jordan,Gunnison Winter League - B League - Youth,GVH,Gunnison,CO,11/5/2025 10:00,Yes,,0,B,Gunnison Winter League,Youth
Hall,Logan,Gunnison Winter League - B League - Youth,Palisades,Gunnison,CO,11/15/2025 14:30,Yes,,2,B,Gunnison Winter League,Youth
Johnson,Hayden,Gunnison Winter League - B League - Youth,All Sports,Gunnison,CO,1/12/2026 15:00,Yes,,1,B,Gunnison Winter League,Youth
Hill,Emerson,Gunnison Winter League - B League - Youth,Palisades,Gunnison,CO,11/15/2025 14:30,Yes,,,B,Gunnison Winter League,Youth
King,Emerson,Gunnison Winter League - B League - Youth,Alpine Lumber,Almont,CO,12/10/2025 16:00,Yes,,5,B,Gunnison Winter League,Youth
Wilson,Reese,Gunnison Winter League - C League - Youth,Mikey's Pizza,Crested Butte,CO,12/20/2025 11:00,Yes,,10,C,Gunnison Winter League,Youth
Rodriguez,Lennon,Gunnison Winter League - C League - Youth,Palisades,Gunnison,CO,1/20/2026 10:30,Yes,,1,C,Gunnison Winter League,Youth
Johnson,Harper,Gunnison Winter League - C League - Youth,Alpine Lumber,Gunnison,CO,12/1/2025 9:00,Yes,,5,C,Gunnison Winter League,Youth
Hill,Taylor,Gunnison Winter League - C League - Youth,GVH,Gunnison,CO,12/20/2025 11:00,Yes,,2,C,Gunnison Winter League,Youth
Harris,Gray,Gunnison Winter League - C League - Youth,Palisades,Crested Butte,CO,12/20/2025 11:00,Yes,,1,C,Gunnison Winter League,Youth
Hill,Casey,Gunnison Winter League - C League - Youth,Team GO,Crested Butte,CO,11/15/2025 14:30,Yes,,2,C,Gunnison Winter League,Youth
Anderson,Parker,Gunnison Winter League - C League - Youth,GVH,Gunnison,CO,12/10/2025 16:00,Yes,,4,C,Gunnison Winter League,Youth
Lewis,Logan,Gunnison Winter League - C League - Youth,Palisades,Crested Butte,CO,11/15/2025 14:30,Yes,,,C,Gunnison Winter League,Youth
Adams,Reese,Gunnison Winter League - C League - Youth,Palisades,Gunnison,CO,1/5/2026 8:30,Yes,,2,C,Gunnison Winter League,Youth
Allen,Reese,Gunnison Winter League - C League - Youth,SAW,Gunnison,CO,1/12/2026 15:00,Yes,,0,C,Gunnison Winter League,Youth
Williams,Taylor,Gunnison Winter League - D League,Mikey's Pizza,Almont,CO,11/5/2025 10:00,Yes,,5,D,Gunnison Winter League,Adult
Hall,Harper,Gunnison Winter League - D League,GVVC,Gunnison,CO,12/1/2025 9:00,Yes,,0,D,Gunnison Winter League,Adult
Garcia,Sage,Gunnison Winter League - D League,GVH,Gunnison,CO,12/10/2025 16:00,Yes,,3,D,Gunnison Winter League,Adult
King,Morgan,Gunnison Winter League - D League,GVVC,Crested Butte,CO,12/1/2025 9:00,Yes,,3,D,Gunnison Winter League,Adult
Nelson,Riley,Gunnison Winter League - D League,GVVC,Gunnison,CO,11/5/2025 10:00,Yes,,2,D,Gunnison Winter League,Adult
Scott,Lennon,Gunnison Winter League - D League,GVVC,Crested Butte,CO,12/10/2025 16:00,Yes,,4,D,Gunnison Winter League,Adult
Davis,Jamie,Gunnison Winter League - D League,Team GO,Almont,CO,1/12/2026 15:00,Yes,,0,D,Gunnison Winter League,Adult
Nelson,Logan,Gunnison Winter League - D League,All Sports,Gunnison,CO,1/20/2026 10:30,Yes,,5,D,Gunnison Winter League,Adult
Garcia,Gray,Gunnison Winter League - D League,All Sports,Gunnison,CO,11/5/2025 10:00,Yes,,3,D,Gunnison Winter League,Adult
Taylor,Finley,Gunnison Winter League - D League,Team GO,Crested Butte,CO,12/20/2025 11:00,Yes,,5,D,Gunnison Winter League,Adult
Allen,Cameron,Gunnison Winter League - D League,GVH,Crested Butte,CO,11/5/2025 10:00,Yes,,1,D,Gunnison Winter League,Adult
Hill,Reese,Gunnison Winter League - D League,Alpine Lumber,Gunnison,CO,11/5/2025 10:00,Yes,,1,D,Gunnison Winter League,Adult
Young,Skyler,Gunnison Winter League - D League - Youth,GVH,Gunnison,CO,1/12/2026 15:00,Yes,,1,D,Gunnison Winter League,Youth
Taylor,Sawyer,Gunnison Winter League - D League - Youth,Alpine Lumber,Gunnison,CO,11/5/2025 10:00,Yes,,,D,Gunnison Winter League,Youth
Thompson,Cameron,Gunnison Winter League - D League - Youth,GVH,Gunnison,CO,1/12/2026 15:00,Yes,,1,D,Gunnison Winter League,Youth
King,Lennon,Gunnison Winter League - D League - Youth,GVH,Gunnison,CO,11/15/2025 14:30,Yes,,4,D,Gunnison Winter League,Youth
Lewis,Parker,Gunnison Winter League - D League - Youth,GVH,Gunnison,CO,1/12/2026 15:00,Yes,,4,D,Gunnison Winter League,Youth
Walker,Casey,Gunnison Winter League - D League - Youth,GVVC,Gunnison,CO,1/12/2026 15:00,Yes,,2,D,Gunnison Winter League,Youth
Young,Emerson,Gunnison Winter League - D League - Youth,GVVC,Gunnison,CO,11/5/2025 10:00,Yes,,4,D,Gunnison Winter League,Youth
Garcia,Avery,Gunnison Winter League - D League - Youth,GVH,Gunnison,CO,1/20/2026 10:30,Yes,,10,D,Gunnison Winter League,Youth
Harris,Rowan,Telluride Winter League - A League,Wilson Mesa Warriors,Norwood,CO,12/1/2025 9:00,Yes,,1,A,Telluride Winter League,Adult
Garcia,Cameron,Telluride Winter League - A League,Mountain Goats,Ouray,CO,12/10/2025 16:00,Yes,,4,A,Telluride Winter League,Adult
Wilson,Jamie,Telluride Winter League - A League,Powder Hounds,Norwood,CO,11/5/2025 10:00,Yes,,0,A,Telluride Winter League,Adult
Wilson,Logan,Telluride Winter League - A League,Wilson Mesa Warriors,Montrose,CO,1/12/2026 15:00,Yes,,3,A,Telluride Winter League,Adult
Wright,Kendall,Telluride Winter League - A League,Wilson Mesa Warriors,Dolores,CO,1/12/2026 15:00,Yes,,3,A,Telluride Winter League,Adult
Brown,Noel,Telluride Winter League - A League,Mountain Goats,Telluride,CO,1/12/2026 15:00,Yes,,3,A,Telluride Winter League,Adult
Davis,Jamie,Telluride Winter League - A League,Telluride Titans,Cortez,CO,12/10/2025 16:00,Yes,,1,A,Telluride Winter League,Adult
Harris,Casey,Telluride Winter League - A League,Lone Cone Lightning,Cortez,CO,1/20/2026 10:30,Yes,,,A,Telluride Winter League,Adult
Adams,Lennon,Telluride Winter League - A League,Powder Hounds,Cortez,CO,1/20/2026 10:30,Yes,,10,A,Telluride Winter League,Adult
Anderson,Wren,Telluride Winter League - A League,Ski Patrol FC,Norwood,CO,1/20/2026 10:30,Yes,,3,A,Telluride Winter League,Adult
Anderson,Drew,Telluride Winter League - A League,Ski Patrol FC,Montrose,CO,12/10/2025 16:00,Yes,,4,A,Telluride Winter League,Adult
Rodriguez,Finley,Telluride Winter League - A League,Powder Hounds,Montrose,CO,12/1/2025 9:00,Yes,,3,A,Telluride Winter League,Adult
Taylor,Kendall,Telluride Winter League - B League,Peak Performance,Ridgway,CO,11/15/2025 14:30,Yes,,,B,Telluride Winter League,Adult
Lee,Finley,Telluride Winter League - B League,Bear Creek Blades,Cortez,CO,11/5/2025 10:00,Yes,,3,B,Telluride Winter League,Adult
Adams,Skyler,Telluride Winter League - B League,Telluride Titans,Dolores,CO,1/12/2026 15:00,Yes,,10,B,Telluride Winter League,Adult
Thompson,Sage,Telluride Winter League - B League,Bear Creek Blades,Placerville,CO,1/12/2026 15:00,Yes,,3,B,Telluride Winter League,Adult
Clark,Quinn,Telluride Winter League - B League,Bear Creek Blades,Placerville,CO,1/20/2026 10:30,Yes,,0,B,Telluride Winter League,Adult
Taylor,Finley,Telluride Winter League - B League,Powder Hounds,Dolores,CO,1/20/2026 10:30,Yes,,2,B,Telluride Winter League,Adult
Young,Harper,Telluride Winter League - B League,Bear Creek Blades,Telluride,CO,11/5/2025 10:00,Yes,,1,B,Telluride Winter League,Adult
Allen,Skyler,Telluride Winter League - B League,Wilson Mesa Warriors,Ridgway,CO,12/1/2025 9:00,Yes,,0,B,Telluride Winter League,Adult
Anderson,Blake,Telluride Winter League - B League,Peak Performance,Ouray,CO,1/20/2026 10:30,Yes,,5,B,Telluride Winter League,Adult
Rodriguez,Wren,Telluride Winter League - B League,Ski Patrol FC,Dolores,CO,1/12/2026 15:00,Yes,,4,B,Telluride Winter League,Adult
Adams,Taylor,Telluride Winter League - B League,Telluride Titans,Cortez,CO,11/5/2025 10:00,Yes,,5,B,Telluride Winter League,Adult
Wilson,Noel,Telluride Winter League - B League,Telluride Titans,Montrose,CO,11/5/2025 10:00,Yes,,3,B,Telluride Winter League,Adult
Miller,Gray,Telluride Winter League - C League,Powder Hounds,Telluride,CO,12/10/2025 16:00,Yes,,2,C,Telluride Winter League,Adult
Clark,Rowan,Telluride Winter League - C League,Peak Performance,Montrose,CO,1/20/2026 10:30,Yes,,4,C,Telluride Winter League,Adult
Green,Sage,Telluride Winter League - C League,Mountain Goats,Ridgway,CO,12/1/2025 9:00,Yes,,4,C,Telluride Winter League,Adult
Williams,Emerson,Telluride Winter League - C League,Ski Patrol FC,Telluride,CO,1/12/2026 15:00,Yes,,,C,Telluride Winter League,Adult
Wright,Avery,Telluride Winter League - C League,Peak Performance,Montrose,CO,11/15/2025 14:30,Yes,,4,C,Telluride Winter League,Adult
Nelson,Rowan,Telluride Winter League - C League,Telluride Titans,Montrose,CO,1/5/2026 8:30,Yes,,,C,Telluride Winter League,Adult
King,Sage,Telluride Winter League - C League,Lone Cone Lightning,Montrose,CO,11/5/2025 10:00,Yes,,,C,Telluride Winter League,Adult
Adams,Logan,Telluride Winter League - C League,Bear Creek Blades,Montrose,CO,1/5/2026 8:30,Yes,,10,C,Telluride Winter League,Adult
Wright,Casey,Telluride Winter League - C League,Powder Hounds,Dolores,CO,12/20/2025 11:00,Yes,,10,C,Telluride Winter League,Adult
Harris,Skyler,Telluride Winter League - C League,Lone Cone Lightning,Placerville,CO,12/10/2025 16:00,Yes,,1,C,Telluride Winter League,Adult
Anderson,Sawyer,Telluride Winter League - C League,Peak Performance,Cortez,CO,1/20/2026 10:30,Yes,,,C,Telluride Winter League,Adult
Rodriguez,Alex,Telluride Winter League - C League,Lone Cone Lightning,Cortez,CO,12/1/2025 9:00,Yes,,10,C,Telluride Winter League,Adult
Miller,Sage,Telluride Winter League - D League,Lone Cone Lightning,Placerville,CO,12/20/2025 11:00,Yes,,4,D,Telluride Winter League,Adult
Walker,Alex,Telluride Winter League - D League,Mountain Goats,Norwood,CO,12/10/2025 16:00,Yes,,,D,Telluride Winter League,Adult
Clark,Harper,Telluride Winter League - D League,Wilson Mesa Warriors,Norwood,CO,1/20/2026 10:30,Yes,,10,D,Telluride Winter League,Adult
Baker,Alex,Telluride Winter League - D League,Ski Patrol FC,Montrose,CO,12/10/2025 16:00,Yes,,,D,Telluride Winter League,Adult
Wright,Quinn,Telluride Winter League - D League,Lone Cone Lightning,Placerville,CO,1/20/2026 10:30,Yes,,5,D,Telluride Winter League,Adult
Lee,Spencer,Telluride Winter League - D League,Lone Cone Lightning,Ouray,CO,1/20/2026 10:30,Yes,,4,D,Telluride Winter League,Adult
Garcia,Reese,Telluride Winter League - D League,Mountain Goats,Norwood,CO,12/10/2025 16:00,Yes,,5,D,Telluride Winter League,Adult
Williams,Spencer,Telluride Winter League - D League,Peak Performance,Ridgway,CO,12/10/2025 16:00,Yes,,10,D,Telluride Winter League,Adult
Anderson,Spencer,Telluride Winter League - D League,Mountain Goats,Placerville,CO,12/10/2025 16:00,Yes,,4,D,Telluride Winter League,Adult
Wilson,Sage,Telluride Winter League - D League,Ski Patrol FC,Ridgway,CO,11/5/2025 10:00,Yes,,2,D,Telluride Winter League,Adult
Anderson,Jordan,Telluride Winter League - D League,Ski Patrol FC,Telluride,CO,12/1/2025 9:00,Yes,,10,D,Telluride Winter League,Adult
Williams,Elliot,Telluride Winter League - D League,Ski Patrol FC,Telluride,CO,1/20/2026 10:30,Yes,,10,D,Telluride Winter League,Adult
Harris,Finley,Telluride Winter League - A League - Youth,Telluride Titans,Ridgway,CO,12/20/2025 11:00,Yes,,10,A,Telluride Winter League,Youth
Williams,Gray,Telluride Winter League - A League - Youth,Bear Creek Blades,Montrose,CO,1/20/2026 10:30,Yes,,1,A,Telluride Winter League,Youth
Hall,Noel,Telluride Winter League - A League - Youth,Powder Hounds,Telluride,CO,12/1/2025 9:00,Yes,,4,A,Telluride Winter League,Youth
Johnson,Quinn,Telluride Winter League - A League - Youth,Bear Creek Blades,Montrose,CO,12/10/2025 16:00,Yes,,,A,Telluride Winter League,Youth
Harris,Lennon,Telluride Winter League - A League - Youth,Ski Patrol FC,Cortez,CO,1/12/2026 15:00,Yes,,4,A,Telluride Winter League,Youth
Hall,Hayden,Telluride Winter League - A League - Youth,Mountain Goats,Telluride,CO,12/10/2025 16:00,Yes,,3,A,Telluride Winter League,Youth
Anderson,Rowan,Telluride Winter League - A League - Youth,Powder Hounds,Montrose,CO,12/10/2025 16:00,Yes,,2,A,Telluride Winter League,Youth
Walker,Taylor,Telluride Winter League - A League - Youth,Telluride Titans,Ridgway,CO,1/12/2026 15:00,Yes,,10,A,Telluride Winter League,Youth
Wright,Hayden,Telluride Winter League - B League - Youth,Ski Patrol FC,Cortez,CO,11/5/2025 10:00,Yes,,3,B,Telluride Winter League,Youth
Garcia,Kendall,Telluride Winter League - B League - Youth,Wilson Mesa Warriors,Placerville,CO,11/15/2025 14:30,Yes,,3,B,Telluride Winter League,Youth
Ramirez,Reese,Telluride Winter League - B League - Youth,Bear Creek Blades,Norwood,CO,11/15/2025 14:30,Yes,,3,B,Telluride Winter League,Youth
Allen,Casey,Telluride Winter League - B League - Youth,Powder Hounds,Placerville,CO,11/15/2025 14:30,Yes,,0,B,Telluride Winter League,Youth
Davis,Jamie,Telluride Winter League - B League - Youth,Ski Patrol FC,Placerville,CO,1/20/2026 10:30,Yes,,1,B,Telluride Winter League,Youth
Harris,Kendall,Telluride Winter League - B League - Youth,Bear Creek Blades,Placerville,CO,12/20/2025 11:00,Yes,,10,B,Telluride Winter League,Youth
Harris,Taylor,Telluride Winter League - B League - Youth,Bear Creek Blades,Telluride,CO,1/5/2026 8:30,Yes,,4,B,Telluride Winter League,Youth
Thompson,Taylor,Telluride Winter League - B League - Youth,Telluride Titans,Norwood,CO,12/20/2025 11:00,Yes,,0,B,Telluride Winter League,Youth
Green,Wren,Telluride Winter League - C League - Youth,Wilson Mesa Warriors,Ridgway,CO,1/20/2026 10:30,Yes,,4,C,Telluride Winter League,Youth
Davis,Emerson,Telluride Winter League - C League - Youth,Wilson Mesa Warriors,Dolores,CO,11/15/2025 14:30,Yes,,10,C,Telluride Winter League,Youth
Smith,Skyler,Telluride Winter League - C League - Youth,Lone Cone Lightning,Ouray,CO,11/15/2025 14:30,Yes,,2,C,Telluride Winter League,Youth
Rodriguez,Skyler,Telluride Winter League - C League - Youth,Ski Patrol FC,Cortez,CO,1/12/2026 15:00,Yes,,0,C,Telluride Winter League,Youth
Harris,Taylor,Telluride Winter League - C League - Youth,Ski Patrol FC,Ouray,CO,1/5/2026 8:30,Yes,,1,C,Telluride Winter League,Youth
Green,Blake,Telluride Winter League - C League - Youth,Wilson Mesa Warriors,Telluride,CO,1/12/2026 15:00,Yes,,0,C,Telluride Winter League,Youth
Miller,Cameron,Telluride Winter League - C League - Youth,Wilson Mesa Warriors,Ouray,CO,1/20/2026 10:30,Yes,,0,C,Telluride Winter League,Youth
Miller,Reese,Telluride Winter League - C League - Youth,Ski Patrol FC,Ridgway,CO,1/20/2026 10:30,Yes,,10,C,Telluride Winter League,Youth
Baker,Wren,Crested Butte Winter League - A League,Elk Avenue All-Stars,Mt. Crested Butte,CO,11/8/2025 16:00,Yes,,3,A,Crested Butte Winter League,Adult
Anderson,Riley,Crested Butte Winter League - A League,Butte Bruisers,Almont,CO,12/18/2025 9:30,Yes,,10,A,Crested Butte Winter League,Adult
Davis,Bex,Crested Butte Winter League - A League,Kebler Pass Kings,Gunnison,CO,12/1/2025 13:00,Yes,,3,A,Crested Butte Winter League,Adult
Scott,Wren,Crested Butte Winter League - A League,Elk Avenue All-Stars,Mt. Crested Butte,CO,12/10/2025 17:00,Yes,,2,A,Crested Butte Winter League,Adult
Reyes,Rowan,Crested Butte Winter League - A League,Gothic Road Warriors,Crested Butte,CO,12/10/2025 17:00,Yes,,5,A,Crested Butte Winter League,Adult
Baker,Taylor,Crested Butte Winter League - A League,CB Vipers,Almont,CO,12/1/2025 13:00,Yes,,3,A,Crested Butte Winter League,Adult
Scott,Kai,Crested Butte Winter League - A League,Paradise Divide,Crested Butte,CO,12/18/2025 9:30,Yes,,3,A,Crested Butte Winter League,Adult
Cook,Lennon,Crested Butte Winter League - A League,Snodgrass Snipers,Crested Butte,CO,11/1/2025 10:00,Yes,,3,A,Crested Butte Winter League,Adult
Rodriguez,Sawyer,Crested Butte Winter League - A League,Elk Avenue All-Stars,Pitkin,CO,12/18/2025 9:30,Yes,,2,A,Crested Butte Winter League,Adult
Johnson,Quinn,Crested Butte Winter League - A League,Elk Avenue All-Stars,Crested Butte,CO,12/10/2025 17:00,Yes,,,A,Crested Butte Winter League,Adult
Davis,Elliot,Crested Butte Winter League - A League,Elk Avenue All-Stars,Crested Butte,CO,11/15/2025 11:30,Yes,,0,A,Crested Butte Winter League,Adult
Green,Rowan,Crested Butte Winter League - A League,Butte Bruisers,Mt. Crested Butte,CO,11/8/2025 16:00,Yes,,0,A,Crested Butte Winter League,Adult
Lee,Sawyer,Crested Butte Winter League - B League,Butte Bruisers,Almont,CO,11/1/2025 10:00,Yes,,5,B,Crested Butte Winter League,Adult
Torres,Morgan,Crested Butte Winter League - B League,Elk Avenue All-Stars,Mt. Crested Butte,CO,1/3/2026 12:00,Yes,,,B,Crested Butte Winter League,Adult
Wilson,Avery,Crested Butte Winter League - B League,Elk Avenue All-Stars,Crested Butte,CO,11/15/2025 11:30,Yes,,2,B,Crested Butte Winter League,Adult
Smith,Gray,Crested Butte Winter League - B League,Kebler Pass Kings,Mt. Crested Butte,CO,12/18/2025 9:30,Yes,,5,B,Crested Butte Winter League,Adult
Flores,Drew,Crested Butte Winter League - B League,Gothic Road Warriors,Almont,CO,11/22/2025 8:00,Yes,,2,B,Crested Butte Winter League,Adult
Brown,Dakota,Crested Butte Winter League - B League,CB Vipers,Almont,CO,1/3/2026 12:00,Yes,,0,B,Crested Butte Winter League,Adult
King,Skyler,Crested Butte Winter League - B League,Butte Bruisers,Gunnison,CO,11/22/2025 8:00,Yes,,,B,Crested Butte Winter League,Adult
Green,Gray,Crested Butte Winter League - B League,Gothic Road Warriors,Almont,CO,11/1/2025 10:00,Yes,,0,B,Crested Butte Winter League,Adult
Scott,Jamie,Crested Butte Winter League - B League,Kebler Pass Kings,Gunnison,CO,11/15/2025 11:30,Yes,,3,B,Crested Butte Winter League,Adult
Young,Avery,Crested Butte Winter League - B League,Kebler Pass Kings,Almont,CO,1/18/2026 8:00,Yes,,3,B,Crested Butte Winter League,Adult
Green,Emerson,Crested Butte Winter League - B League,Gothic Road Warriors,Gunnison,CO,12/10/2025 17:00,Yes,,,B,Crested Butte Winter League,Adult
Lewis,Casey,Crested Butte Winter League - B League,Pumphouse Punishers,Pitkin,CO,1/10/2026 15:30,Yes,,5,B,Crested Butte Winter League,Adult
Torres,Kai,Crested Butte Winter League - C League,Pumphouse Punishers,Mt. Crested Butte,CO,12/1/2025 13:00,Yes,,4,C,Crested Butte Winter League,Adult
Adams,Bex,Crested Butte Winter League - C League,Pumphouse Punishers,Mt. Crested Butte,CO,12/1/2025 13:00,Yes,,7,C,Crested Butte Winter League,Adult
Taylor,Wren,Crested Butte Winter League - C League,Kebler Pass Kings,Almont,CO,11/22/2025 8:00,Yes,,0,C,Crested Butte Winter League,Adult
Wright,Emerson,Crested Butte Winter League - C League,Elk Avenue All-Stars,Mt. Crested Butte,CO,1/10/2026 15:30,Yes,,4,C,Crested Butte Winter League,Adult
Adams,Drew,Crested Butte Winter League - C League,Snodgrass Snipers,Gunnison,CO,1/10/2026 15:30,Yes,,,C,Crested Butte Winter League,Adult
Thompson,Quinn,Crested Butte Winter League - C League,Kebler Pass Kings,Pitkin,CO,10/15/2025 9:00,Yes,,10,C,Crested Butte Winter League,Adult
Young,Finley,Crested Butte Winter League - C League,Paradise Divide,Pitkin,CO,11/8/2025 16:00,Yes,,4,C,Crested Butte Winter League,Adult
Adams,Lennon,Crested Butte Winter League - C League,Pumphouse Punishers,Pitkin,CO,11/8/2025 16:00,Yes,,0,C,Crested Butte Winter League,Adult
Miller,Hayden,Crested Butte Winter League - C League,CB Vipers,Crested Butte,CO,10/15/2025 9:00,Yes,,,C,Crested Butte Winter League,Adult
Young,Spencer,Crested Butte Winter League - C League,Pumphouse Punishers,Pitkin,CO,11/8/2025 16:00,Yes,,1,C,Crested Butte Winter League,Adult
Baker,Jamie,Crested Butte Winter League - C League,Pumphouse Punishers,Mt. Crested Butte,CO,12/10/2025 17:00,Yes,,5,C,Crested Butte Winter League,Adult
Anderson,Reese,Crested Butte Winter League - C League,Butte Bruisers,Gunnison,CO,12/1/2025 13:00,Yes,,10,C,Crested Butte Winter League,Adult
Smith,Spencer,Crested Butte Winter League - D League,Kebler Pass Kings,Almont,CO,11/15/2025 11:30,Yes,,7,D,Crested Butte Winter League,Adult
Reyes,Wren,Crested Butte Winter League - D League,Paradise Divide,Mt. Crested Butte,CO,1/3/2026 12:00,Yes,,7,D,Crested Butte Winter League,Adult
Rodriguez,Casey,Crested Butte Winter League - D League,Kebler Pass Kings,Pitkin,CO,12/10/2025 17:00,Yes,,10,D,Crested Butte Winter League,Adult
Thompson,Quinn,Crested Butte Winter League - D League,Paradise Divide,Almont,CO,10/22/2025 14:00,Yes,,5,D,Crested Butte Winter League,Adult
Thompson,Indigo,Crested Butte Winter League - D League,Pumphouse Punishers,Pitkin,CO,1/10/2026 15:30,Yes,,0,D,Crested Butte Winter League,Adult
Murphy,Noel,Crested Butte Winter League - D League,Pumphouse Punishers,Gunnison,CO,11/1/2025 10:00,Yes,,2,D,Crested Butte Winter League,Adult
Murphy,Morgan,Crested Butte Winter League - D League,CB Vipers,Gunnison,CO,10/15/2025 9:00,Yes,,5,D,Crested Butte Winter League,Adult
Rivera,Drew,Crested Butte Winter League - D League,Pumphouse Punishers,Pitkin,CO,11/1/2025 10:00,Yes,,7,D,Crested Butte Winter League,Adult
Williams,Gray,Crested Butte Winter League - D League,Kebler Pass Kings,Mt. Crested Butte,CO,10/22/2025 14:00,Yes,,7,D,Crested Butte Winter League,Adult
Rodriguez,Harper,Crested Butte Winter League - D League,Snodgrass Snipers,Almont,CO,10/22/2025 14:00,Yes,,10,D,Crested Butte Winter League,Adult
Taylor,Shiloh,Crested Butte Winter League - D League,Snodgrass Snipers,Mt. Crested Butte,CO,1/10/2026 15:30,Yes,,10,D,Crested Butte Winter League,Adult
Davis,Quinn,Crested Butte Winter League - D League,Elk Avenue All-Stars,Mt. Crested Butte,CO,11/1/2025 10:00,Yes,,10,D,Crested Butte Winter League,Adult
Davis,Taylor,Crested Butte Winter League - A League - Youth,Butte Bruisers,Pitkin,CO,11/1/2025 10:00,Yes,,5,A,Crested Butte Winter League,Youth
Harris,Bex,Crested Butte Winter League - A League - Youth,Elk Avenue All-Stars,Pitkin,CO,11/22/2025 8:00,Yes,,0,A,Crested Butte Winter League,Youth
King,Elliot,Crested Butte Winter League - A League - Youth,Pumphouse Punishers,Mt. Crested Butte,CO,11/1/2025 10:00,Yes,,1,A,Crested Butte Winter League,Youth
Garcia,Remy,Crested Butte Winter League - A League - Youth,CB Vipers,Pitkin,CO,11/8/2025 16:00,Yes,,,A,Crested Butte Winter League,Youth
Miller,Logan,Crested Butte Winter League - A League - Youth,Paradise Divide,Pitkin,CO,1/18/2026 8:00,Yes,,1,A,Crested Butte Winter League,Youth
Rodriguez,Finley,Crested Butte Winter League - A League - Youth,Snodgrass Snipers,Gunnison,CO,11/15/2025 11:30,Yes,,5,A,Crested Butte Winter League,Youth
Murphy,Taylor,Crested Butte Winter League - A League - Youth,Butte Bruisers,Pitkin,CO,10/15/2025 9:00,Yes,,4,A,Crested Butte Winter League,Youth
Rodriguez,Reese,Crested Butte Winter League - A League - Youth,Pumphouse Punishers,Crested Butte,CO,12/18/2025 9:30,Yes,,4,A,Crested Butte Winter League,Youth
Hall,Quinn,Crested Butte Winter League - B League - Youth,Butte Bruisers,Gunnison,CO,10/22/2025 14:00,Yes,,0,B,Crested Butte Winter League,Youth
Wright,Finley,Crested Butte Winter League - B League - Youth,Snodgrass Snipers,Pitkin,CO,11/22/2025 8:00,Yes,,5,B,Crested Butte Winter League,Youth
Johnson,Wren,Crested Butte Winter League - B League - Youth,Kebler Pass Kings,Almont,CO,12/18/2025 9:30,Yes,,2,B,Crested Butte Winter League,Youth
Martinez,Emerson,Crested Butte Winter League - B League - Youth,Butte Bruisers,Gunnison,CO,12/18/2025 9:30,Yes,,3,B,Crested Butte Winter League,Youth
Smith,River,Crested Butte Winter League - B League - Youth,CB Vipers,Gunnison,CO,11/8/2025 16:00,Yes,,3,B,Crested Butte Winter League,Youth
Lewis,Finley,Crested Butte Winter League - B League - Youth,Gothic Road Warriors,Pitkin,CO,12/1/2025 13:00,Yes,,0,B,Crested Butte Winter League,Youth
Reyes,Jordan,Crested Butte Winter League - B League - Youth,Elk Avenue All-Stars,Mt. Crested Butte,CO,11/1/2025 10:00,Yes,,4,B,Crested Butte Winter League,Youth
Williams,Cameron,Crested Butte Winter League - B League - Youth,Butte Bruisers,Mt. Crested Butte,CO,11/1/2025 10:00,Yes,,0,B,Crested Butte Winter League,Youth
Johnson,Dakota,Crested Butte Winter League - C League - Youth,Paradise Divide,Gunnison,CO,10/22/2025 14:00,Yes,,2,C,Crested Butte Winter League,Youth
Murphy,Drew,Crested Butte Winter League - C League - Youth,Butte Bruisers,Almont,CO,11/1/2025 10:00,Yes,,7,C,Crested Butte Winter League,Youth
Rogers,Riley,Crested Butte Winter League - C League - Youth,Elk Avenue All-Stars,Almont,CO,11/8/2025 16:00,Yes,,7,C,Crested Butte Winter League,Youth
Lee,Avery,Crested Butte Winter League - C League - Youth,Kebler Pass Kings,Gunnison,CO,11/1/2025 10:00,Yes,,2,C,Crested Butte Winter League,Youth
Torres,Logan,Crested Butte Winter League - C League - Youth,Pumphouse Punishers,Mt. Crested Butte,CO,11/1/2025 10:00,Yes,,10,C,Crested Butte Winter League,Youth
Rivera,Kai,Crested Butte Winter League - C League - Youth,Kebler Pass Kings,Crested Butte,CO,11/8/2025 16:00,Yes,,10,C,Crested Butte Winter League,Youth
Harris,Gray,Crested Butte Winter League - C League - Youth,Gothic Road Warriors,Gunnison,CO,11/8/2025 16:00,Yes,,4,C,Crested Butte Winter League,Youth
Allen,Indigo,Crested Butte Winter League - C League - Youth,Paradise Divide,Almont,CO,11/8/2025 16:00,Yes,,1,C,Crested Butte Winter League,Youth
Martinez,Taylor,Aspen Recreation League - A League,Maroon Bells FC,Carbondale,CO,11/22/2025 8:00,Yes,,3,A,Aspen Recreation League,Adult
Williams,Emerson,Aspen Recreation League - A League,Independence Pass,Snowmass Village,CO,1/10/2026 15:30,Yes,,4,A,Aspen Recreation League,Adult
Thompson,Indigo,Aspen Recreation League - A League,Independence Pass,Glenwood Springs,CO,11/8/2025 16:00,Yes,,5,A,Aspen Recreation League,Adult
Wilson,Finley,Aspen Recreation League - A League,Woody Creek Warriors,Basalt,CO,11/1/2025 10:00,Yes,,4,A,Aspen Recreation League,Adult
Gomez,Cameron,Aspen Recreation League - A League,Snowmass Sharks,Snowmass Village,CO,10/15/2025 9:00,Yes,,0,A,Aspen Recreation League,Adult
Wright,Drew,Aspen Recreation League - A League,Roaring Fork Raiders,Snowmass Village,CO,12/1/2025 13:00,Yes,,0,A,Aspen Recreation League,Adult
Wright,Noel,Aspen Recreation League - A League,Red Mountain Rippers,Carbondale,CO,12/18/2025 9:30,Yes,,2,A,Aspen Recreation League,Adult
Brown,Jordan,Aspen Recreation League - A League,Castle Creek Crushers,Aspen,CO,11/8/2025 16:00,Yes,,3,A,Aspen Recreation League,Adult
King,Bex,Aspen Recreation League - A League,Roaring Fork Raiders,Basalt,CO,1/10/2026 15:30,Yes,,0,A,Aspen Recreation League,Adult
Nelson,Quinn,Aspen Recreation League - A League,Roaring Fork Raiders,Carbondale,CO,1/18/2026 8:00,Yes,,5,A,Aspen Recreation League,Adult
Flores,Elliot,Aspen Recreation League - A League,Woody Creek Warriors,Glenwood Springs,CO,12/18/2025 9:30,Yes,,4,A,Aspen Recreation League,Adult
Allen,Kendall,Aspen Recreation League - A League,Independence Pass,Aspen,CO,12/18/2025 9:30,Yes,,3,A,Aspen Recreation League,Adult
Brown,Taylor,Aspen Recreation League - B League,Independence Pass,Snowmass Village,CO,11/22/2025 8:00,Yes,,1,B,Aspen Recreation League,Adult
Walker,Hayden,Aspen Recreation League - B League,Red Mountain Rippers,Glenwood Springs,CO,11/8/2025 16:00,Yes,,7,B,Aspen Recreation League,Adult
Hill,River,Aspen Recreation League - B League,Independence Pass,Aspen,CO,10/22/2025 14:00,Yes,,,B,Aspen Recreation League,Adult
Wilson,Jordan,Aspen Recreation League - B League,Snowmass Sharks,Basalt,CO,1/18/2026 8:00,Yes,,7,B,Aspen Recreation League,Adult
Nelson,Noel,Aspen Recreation League - B League,Red Mountain Rippers,Glenwood Springs,CO,1/3/2026 12:00,Yes,,10,B,Aspen Recreation League,Adult
Miller,Emerson,Aspen Recreation League - B League,Red Mountain Rippers,Carbondale,CO,10/22/2025 14:00,Yes,,4,B,Aspen Recreation League,Adult
Ramirez,Remy,Aspen Recreation League - B League,Roaring Fork Raiders,Basalt,CO,1/18/2026 8:00,Yes,,0,B,Aspen Recreation League,Adult
Williams,Indigo,Aspen Recreation League - B League,Castle Creek Crushers,Aspen,CO,12/1/2025 13:00,Yes,,3,B,Aspen Recreation League,Adult
Nelson,Marlowe,Aspen Recreation League - B League,Maroon Bells FC,Glenwood Springs,CO,10/15/2025 9:00,Yes,,1,B,Aspen Recreation League,Adult
Allen,Skyler,Aspen Recreation League - B League,Roaring Fork Raiders,Snowmass Village,CO,10/15/2025 9:00,Yes,,,B,Aspen Recreation League,Adult
Hall,Sage,Aspen Recreation League - B League,Independence Pass,Snowmass Village,CO,11/1/2025 10:00,Yes,,,B,Aspen Recreation League,Adult
Miller,Hayden,Aspen Recreation League - B League,Woody Creek Warriors,Snowmass Village,CO,12/1/2025 13:00,Yes,,1,B,Aspen Recreation League,Adult
Brown,Harper,Aspen Recreation League - C League,Independence Pass,Glenwood Springs,CO,11/15/2025 11:30,Yes,,2,C,Aspen Recreation League,Adult
Walker,Quinn,Aspen Recreation League - C League,Roaring Fork Raiders,Aspen,CO,11/15/2025 11:30,Yes,,7,C,Aspen Recreation League,Adult
Baker,Reese,Aspen Recreation League - C League,Snowmass Sharks,Basalt,CO,11/8/2025 16:00,Yes,,10,C,Aspen Recreation League,Adult
Young,Sawyer,Aspen Recreation League - C League,Independence Pass,Basalt,CO,1/10/2026 15:30,Yes,,2,C,Aspen Recreation League,Adult
Ramirez,Emerson,Aspen Recreation League - C League,Red Mountain Rippers,Snowmass Village,CO,11/22/2025 8:00,Yes,,10,C,Aspen Recreation League,Adult
Anderson,Dakota,Aspen Recreation League - C League,Ajax Assassins,Snowmass Village,CO,1/3/2026 12:00,Yes,,10,C,Aspen Recreation League,Adult
Brown,Drew,Aspen Recreation League - C League,Woody Creek Warriors,Glenwood Springs,CO,11/1/2025 10:00,Yes,,0,C,Aspen Recreation League,Adult
King,Jamie,Aspen Recreation League - C League,Roaring Fork Raiders,Glenwood Springs,CO,10/15/2025 9:00,Yes,,,C,Aspen Recreation League,Adult
Davis,Elliot,Aspen Recreation League - C League,Roaring Fork Raiders,Carbondale,CO,10/22/2025 14:00,Yes,,0,C,Aspen Recreation League,Adult
Taylor,Riley,Aspen Recreation League - C League,Independence Pass,Snowmass Village,CO,11/8/2025 16:00,Yes,,1,C,Aspen Recreation League,Adult
Garcia,Cameron,Aspen Recreation League - C League,Castle Creek Crushers,Basalt,CO,12/18/2025 9:30,Yes,,3,C,Aspen Recreation League,Adult
Davis,Bex,Aspen Recreation League - C League,Ajax Assassins,Aspen,CO,10/15/2025 9:00,Yes,,3,C,Aspen Recreation League,Adult
Young,Jamie,Aspen Recreation League - D League,Maroon Bells FC,Basalt,CO,12/10/2025 17:00,Yes,,4,D,Aspen Recreation League,Adult
Torres,Kai,Aspen Recreation League - D League,Ajax Assassins,Glenwood Springs,CO,11/8/2025 16:00,Yes,,5,D,Aspen Recreation League,Adult
Anderson,Taylor,Aspen Recreation League - D League,Red Mountain Rippers,Basalt,CO,11/8/2025 16:00,Yes,,10,D,Aspen Recreation League,Adult
Cook,Elliot,Aspen Recreation League - D League,Castle Creek Crushers,Carbondale,CO,1/3/2026 12:00,Yes,,5,D,Aspen Recreation League,Adult
Cruz,Sage,Aspen Recreation League - D League,Independence Pass,Glenwood Springs,CO,10/15/2025 9:00,Yes,,0,D,Aspen Recreation League,Adult
Cook,Marlowe,Aspen Recreation League - D League,Castle Creek Crushers,Basalt,CO,11/1/2025 10:00,Yes,,,D,Aspen Recreation League,Adult
Johnson,Casey,Aspen Recreation League - D League,Ajax Assassins,Glenwood Springs,CO,1/10/2026 15:30,Yes,,10,D,Aspen Recreation League,Adult
Hall,Spencer,Aspen Recreation League - D League,Ajax Assassins,Snowmass Village,CO,1/18/2026 8:00,Yes,,1,D,Aspen Recreation League,Adult
Cruz,Emerson,Aspen Recreation League - D League,Ajax Assassins,Aspen,CO,12/1/2025 13:00,Yes,,3,D,Aspen Recreation League,Adult
Rodriguez,Taylor,Aspen Recreation League - D League,Roaring Fork Raiders,Snowmass Village,CO,12/10/2025 17:00,Yes,,,D,Aspen Recreation League,Adult
Nelson,Kai,Aspen Recreation League - D League,Woody Creek Warriors,Glenwood Springs,CO,11/22/2025 8:00,Yes,,,D,Aspen Recreation League,Adult
Lewis,Avery,Aspen Recreation League - D League,Ajax Assassins,Snowmass Village,CO,11/1/2025 10:00,Yes,,1,D,Aspen Recreation League,Adult
Lewis,Avery,Aspen Recreation League - A League - Youth,Ajax Assassins,Aspen,CO,12/1/2025 13:00,Yes,,5,A,Aspen Recreation League,Youth
Murphy,Logan,Aspen Recreation League - A League - Youth,Roaring Fork Raiders,Glenwood Springs,CO,1/3/2026 12:00,Yes,,4,A,Aspen Recreation League,Youth
Walker,Gray,Aspen Recreation League - A League - Youth,Castle Creek Crushers,Snowmass Village,CO,1/10/2026 15:30,Yes,,2,A,Aspen Recreation League,Youth
Hall,Jordan,Aspen Recreation League - A League - Youth,Independence Pass,Glenwood Springs,CO,11/1/2025 10:00,Yes,,3,A,Aspen Recreation League,Youth
Adams,River,Aspen Recreation League - A League - Youth,Castle Creek Crushers,Glenwood Springs,CO,11/15/2025 11:30,Yes,,4,A,Aspen Recreation League,Youth
Nelson,Wren,Aspen Recreation League - A League - Youth,Ajax Assassins,Aspen,CO,10/15/2025 9:00,Yes,,7,A,Aspen Recreation League,Youth
Harris,Peyton,Aspen Recreation League - A League - Youth,Snowmass Sharks,Aspen,CO,11/15/2025 11:30,Yes,,3,A,Aspen Recreation League,Youth
Rivera,Taylor,Aspen Recreation League - A League - Youth,Snowmass Sharks,Snowmass Village,CO,10/22/2025 14:00,Yes,,5,A,Aspen Recreation League,Youth
Cruz,Reese,Aspen Recreation League - B League - Youth,Maroon Bells FC,Basalt,CO,10/22/2025 14:00,Yes,,0,B,Aspen Recreation League,Youth
Lee,Alex,Aspen Recreation League - B League - Youth,Red Mountain Rippers,Carbondale,CO,1/10/2026 15:30,Yes,,10,B,Aspen Recreation League,Youth
Ramirez,Remy,Aspen Recreation League - B League - Youth,Red Mountain Rippers,Aspen,CO,1/18/2026 8:00,Yes,,0,B,Aspen Recreation League,Youth
Cook,Drew,Aspen Recreation League - B League - Youth,Woody Creek Warriors,Snowmass Village,CO,11/1/2025 10:00,Yes,,2,B,Aspen Recreation League,Youth
Cruz,Lennon,Aspen Recreation League - B League - Youth,Maroon Bells FC,Basalt,CO,1/18/2026 8:00,Yes,,0,B,Aspen Recreation League,Youth
Young,Morgan,Aspen Recreation League - B League - Youth,Red Mountain Rippers,Aspen,CO,1/3/2026 12:00,Yes,,,B,Aspen Recreation League,Youth
Scott,Remy,Aspen Recreation League - B League - Youth,Independence Pass,Snowmass Village,CO,1/3/2026 12:00,Yes,,5,B,Aspen Recreation League,Youth
Garcia,Taylor,Aspen Recreation League - B League - Youth,Ajax Assassins,Basalt,CO,12/18/2025 9:30,Yes,,3,B,Aspen Recreation League,Youth
Adams,Cameron,Aspen Recreation League - C League - Youth,Independence Pass,Snowmass Village,CO,12/10/2025 17:00,Yes,,1,C,Aspen Recreation League,Youth
Green,Gray,Aspen Recreation League - C League - Youth,Independence Pass,Basalt,CO,12/10/2025 17:00,Yes,,0,C,Aspen Recreation League,Youth
Cruz,Sage,Aspen Recreation League - C League - Youth,Independence Pass,Aspen,CO,11/8/2025 16:00,Yes,,2,C,Aspen Recreation League,Youth
Martinez,Finley,Aspen Recreation League - C League - Youth,Red Mountain Rippers,Glenwood Springs,CO,11/15/2025 11:30,Yes,,4,C,Aspen Recreation League,Youth
Allen,Jamie,Aspen Recreation League - C League - Youth,Woody Creek Warriors,Basalt,CO,11/1/2025 10:00,Yes,,4,C,Aspen Recreation League,Youth
Scott,Finley,Aspen Recreation League - C League - Youth,Castle Creek Crushers,Aspen,CO,12/18/2025 9:30,Yes,,7,C,Aspen Recreation League,Youth
Ramirez,Harper,Aspen Recreation League - C League - Youth,Ajax Assassins,Carbondale,CO,1/18/2026 8:00,Yes,,2,C,Aspen Recreation League,Youth
Allen,Indigo,Aspen Recreation League - C League - Youth,Maroon Bells FC,Snowmass Village,CO,12/18/2025 9:30,Yes,,,C,Aspen Recreation League,Youth
Cruz,Marlowe,Steamboat Springs Hockey League - A League,Steamboat Slashers,Hayden,CO,11/8/2025 16:00,Yes,,10,A,Steamboat Springs Hockey League,Adult
Wilson,Jamie,Steamboat Springs Hockey League - A League,Storm Peak Predators,Oak Creek,CO,12/18/2025 9:30,Yes,,5,A,Steamboat Springs Hockey League,Adult
King,Skyler,Steamboat Springs Hockey League - A League,Howelsen Hill Hawks,Steamboat Springs,CO,11/8/2025 16:00,Yes,,3,A,Steamboat Springs Hockey League,Adult
Green,Finley,Steamboat Springs Hockey League - A League,Storm Peak Predators,Hayden,CO,11/8/2025 16:00,Yes,,5,A,Steamboat Springs Hockey League,Adult
Davis,Sage,Steamboat Springs Hockey League - A League,Routt County Renegades,Steamboat Springs,CO,10/22/2025 14:00,Yes,,7,A,Steamboat Springs Hockey League,Adult
Green,Skyler,Steamboat Springs Hockey League - A League,Steamboat Slashers,Oak Creek,CO,11/22/2025 8:00,Yes,,10,A,Steamboat Springs Hockey League,Adult
Thompson,Sage,Steamboat Springs Hockey League - A League,Storm Peak Predators,Craig,CO,1/3/2026 12:00,Yes,,,A,Steamboat Springs Hockey League,Adult
Allen,Harper,Steamboat Springs Hockey League - A League,Fish Creek Falcons,Hayden,CO,12/10/2025 17:00,Yes,,5,A,Steamboat Springs Hockey League,Adult
Anderson,Peyton,Steamboat Springs Hockey League - A League,Steamboat Slashers,Yampa,CO,11/1/2025 10:00,Yes,,7,A,Steamboat Springs Hockey League,Adult
Gomez,Remy,Steamboat Springs Hockey League - A League,Mt Werner Wolves,Craig,CO,12/18/2025 9:30,Yes,,7,A,Steamboat Springs Hockey League,Adult
Rogers,Lennon,Steamboat Springs Hockey League - A League,Steamboat Slashers,Steamboat Springs,CO,10/15/2025 9:00,Yes,,7,A,Steamboat Springs Hockey League,Adult
Taylor,Quinn,Steamboat Springs Hockey League - A League,Steamboat Slashers,Oak Creek,CO,10/15/2025 9:00,Yes,,,A,Steamboat Springs Hockey League,Adult
Nelson,Noel,Steamboat Springs Hockey League - B League,Strawberry Park Stars,Steamboat Springs,CO,11/1/2025 10:00,Yes,,1,B,Steamboat Springs Hockey League,Adult
Cruz,Elliot,Steamboat Springs Hockey League - B League,Routt County Renegades,Craig,CO,10/22/2025 14:00,Yes,,2,B,Steamboat Springs Hockey League,Adult
Murphy,Blake,Steamboat Springs Hockey League - B League,Strawberry Park Stars,Hayden,CO,11/15/2025 11:30,Yes,,0,B,Steamboat Springs Hockey League,Adult
Wright,Morgan,Steamboat Springs Hockey League - B League,Strawberry Park Stars,Steamboat Springs,CO,10/15/2025 9:00,Yes,,3,B,Steamboat Springs Hockey League,Adult
Harris,Sloane,Steamboat Springs Hockey League - B League,Strawberry Park Stars,Hayden,CO,12/18/2025 9:30,Yes,,0,B,Steamboat Springs Hockey League,Adult
Smith,Lennon,Steamboat Springs Hockey League - B League,Steamboat Slashers,Oak Creek,CO,11/22/2025 8:00,Yes,,5,B,Steamboat Springs Hockey League,Adult
Wright,Rowan,Steamboat Springs Hockey League - B League,Mt Werner Wolves,Hayden,CO,10/15/2025 9:00,Yes,,7,B,Steamboat Springs Hockey League,Adult
Miller,Finley,Steamboat Springs Hockey League - B League,Routt County Renegades,Craig,CO,11/8/2025 16:00,Yes,,,B,Steamboat Springs Hockey League,Adult
Hall,Spencer,Steamboat Springs Hockey League - B League,Fish Creek Falcons,Oak Creek,CO,1/18/2026 8:00,Yes,,7,B,Steamboat Springs Hockey League,Adult
King,Hayden,Steamboat Springs Hockey League - B League,Steamboat Slashers,Yampa,CO,10/15/2025 9:00,Yes,,7,B,Steamboat Springs Hockey League,Adult
Martinez,Cameron,Steamboat Springs Hockey League - B League,Howelsen Hill Hawks,Craig,CO,11/22/2025 8:00,Yes,,1,B,Steamboat Springs Hockey League,Adult
Martinez,Elliot,Steamboat Springs Hockey League - B League,Routt County Renegades,Oak Creek,CO,11/1/2025 10:00,Yes,,5,B,Steamboat Springs Hockey League,Adult
Wright,Spencer,Steamboat Springs Hockey League - C League,Yampa Valley Yetis,Craig,CO,1/10/2026 15:30,Yes,,4,C,Steamboat Springs Hockey League,Adult
Allen,Cameron,Steamboat Springs Hockey League - C League,Fish Creek Falcons,Yampa,CO,1/3/2026 12:00,Yes,,3,C,Steamboat Springs Hockey League,Adult
Young,Kai,Steamboat Springs Hockey League - C League,Howelsen Hill Hawks,Steamboat Springs,CO,1/10/2026 15:30,Yes,,7,C,Steamboat Springs Hockey League,Adult
Brown,Riley,Steamboat Springs Hockey League - C League,Howelsen Hill Hawks,Hayden,CO,11/22/2025 8:00,Yes,,,C,Steamboat Springs Hockey League,Adult
Allen,Drew,Steamboat Springs Hockey League - C League,Routt County Renegades,Hayden,CO,11/1/2025 10:00,Yes,,10,C,Steamboat Springs Hockey League,Adult
Lewis,Shiloh,Steamboat Springs Hockey League - C League,Fish Creek Falcons,Yampa,CO,1/10/2026 15:30,Yes,,0,C,Steamboat Springs Hockey League,Adult
King,Noel,Steamboat Springs Hockey League - C League,Storm Peak Predators,Hayden,CO,11/15/2025 11:30,Yes,,7,C,Steamboat Springs Hockey League,Adult
Smith,Finley,Steamboat Springs Hockey League - C League,Routt County Renegades,Craig,CO,1/10/2026 15:30,Yes,,0,C,Steamboat Springs Hockey League,Adult
Garcia,Taylor,Steamboat Springs Hockey League - C League,Yampa Valley Yetis,Oak Creek,CO,12/10/2025 17:00,Yes,,2,C,Steamboat Springs Hockey League,Adult
Williams,Reese,Steamboat Springs Hockey League - C League,Yampa Valley Yetis,Oak Creek,CO,1/3/2026 12:00,Yes,,4,C,Steamboat Springs Hockey League,Adult
Clark,Noel,Steamboat Springs Hockey League - C League,Routt County Renegades,Hayden,CO,11/8/2025 16:00,Yes,,4,C,Steamboat Springs Hockey League,Adult
Nelson,Quinn,Steamboat Springs Hockey League - C League,Howelsen Hill Hawks,Craig,CO,12/18/2025 9:30,Yes,,2,C,Steamboat Springs Hockey League,Adult
Thompson,Marlowe,Steamboat Springs Hockey League - D League,Yampa Valley Yetis,Hayden,CO,12/10/2025 17:00,Yes,,,D,Steamboat Springs Hockey League,Adult
Scott,Reese,Steamboat Springs Hockey League - D League,Strawberry Park Stars,Craig,CO,11/8/2025 16:00,Yes,,,D,Steamboat Springs Hockey League,Adult
Rivera,Lennon,Steamboat Springs Hockey League - D League,Storm Peak Predators,Oak Creek,CO,11/8/2025 16:00,Yes,,7,D,Steamboat Springs Hockey League,Adult
Harris,Emerson,Steamboat Springs Hockey League - D League,Routt County Renegades,Craig,CO,1/18/2026 8:00,Yes,,3,D,Steamboat Springs Hockey League,Adult
King,Lennon,Steamboat Springs Hockey League - D League,Howelsen Hill Hawks,Hayden,CO,12/18/2025 9:30,Yes,,0,D,Steamboat Springs Hockey League,Adult
Smith,Taylor,Steamboat Springs Hockey League - D League,Mt Werner Wolves,Hayden,CO,12/1/2025 13:00,Yes,,0,D,Steamboat Springs Hockey League,Adult
Brown,Riley,Steamboat Springs Hockey League - D League,Routt County Renegades,Hayden,CO,11/8/2025 16:00,Yes,,1,D,Steamboat Springs Hockey League,Adult
Wilson,Casey,Steamboat Springs Hockey League - D League,Howelsen Hill Hawks,Steamboat Springs,CO,10/15/2025 9:00,Yes,,4,D,Steamboat Springs Hockey League,Adult
Scott,Spencer,Steamboat Springs Hockey League - D League,Steamboat Slashers,Hayden,CO,12/1/2025 13:00,Yes,,0,D,Steamboat Springs Hockey League,Adult
Nelson,Sage,Steamboat Springs Hockey League - D League,Strawberry Park Stars,Yampa,CO,12/18/2025 9:30,Yes,,7,D,Steamboat Springs Hockey League,Adult
Allen,Casey,Steamboat Springs Hockey League - D League,Fish Creek Falcons,Oak Creek,CO,1/18/2026 8:00,Yes,,4,D,Steamboat Springs Hockey League,Adult
Young,Sloane,Steamboat Springs Hockey League - D League,Strawberry Park Stars,Steamboat Springs,CO,1/10/2026 15:30,Yes,,3,D,Steamboat Springs Hockey League,Adult
Johnson,Dakota,Steamboat Springs Hockey League - A League - Youth,Yampa Valley Yetis,Craig,CO,1/18/2026 8:00,Yes,,3,A,Steamboat Springs Hockey League,Youth
Rogers,Lennon,Steamboat Springs Hockey League - A League - Youth,Mt Werner Wolves,Steamboat Springs,CO,12/18/2025 9:30,Yes,,,A,Steamboat Springs Hockey League,Youth
Lee,Quinn,Steamboat Springs Hockey League - A League - Youth,Fish Creek Falcons,Steamboat Springs,CO,12/10/2025 17:00,Yes,,1,A,Steamboat Springs Hockey League,Youth
Smith,Blake,Steamboat Springs Hockey League - A League - Youth,Fish Creek Falcons,Hayden,CO,1/10/2026 15:30,Yes,,,A,Steamboat Springs Hockey League,Youth
Brown,Marlowe,Steamboat Springs Hockey League - A League - Youth,Howelsen Hill Hawks,Oak Creek,CO,11/8/2025 16:00,Yes,,3,A,Steamboat Springs Hockey League,Youth
Gomez,Kai,Steamboat Springs Hockey League - A League - Youth,Steamboat Slashers,Steamboat Springs,CO,1/10/2026 15:30,Yes,,7,A,Steamboat Springs Hockey League,Youth
Rogers,Harper,Steamboat Springs Hockey League - A League - Youth,Mt Werner Wolves,Craig,CO,12/18/2025 9:30,Yes,,7,A,Steamboat Springs Hockey League,Youth
Anderson,Shiloh,Steamboat Springs Hockey League - A League - Youth,Yampa Valley Yetis,Yampa,CO,12/10/2025 17:00,Yes,,3,A,Steamboat Springs Hockey League,Youth
Rivera,Sloane,Steamboat Springs Hockey League - B League - Youth,Fish Creek Falcons,Steamboat Springs,CO,10/22/2025 14:00,Yes,,1,B,Steamboat Springs Hockey League,Youth
Rodriguez,Sloane,Steamboat Springs Hockey League - B League - Youth,Fish Creek Falcons,Hayden,CO,12/18/2025 9:30,Yes,,,B,Steamboat Springs Hockey League,Youth
Hall,Jordan,Steamboat Springs Hockey League - B League - Youth,Storm Peak Predators,Oak Creek,CO,11/1/2025 10:00,Yes,,5,B,Steamboat Springs Hockey League,Youth
Cook,Morgan,Steamboat Springs Hockey League - B League - Youth,Strawberry Park Stars,Steamboat Springs,CO,12/18/2025 9:30,Yes,,4,B,Steamboat Springs Hockey League,Youth
Scott,Reese,Steamboat Springs Hockey League - B League - Youth,Steamboat Slashers,Hayden,CO,11/22/2025 8:00,Yes,,7,B,Steamboat Springs Hockey League,Youth
Rodriguez,Rowan,Steamboat Springs Hockey League - B League - Youth,Strawberry Park Stars,Oak Creek,CO,11/8/2025 16:00,Yes,,4,B,Steamboat Springs Hockey League,Youth
Walker,Drew,Steamboat Springs Hockey League - B League - Youth,Howelsen Hill Hawks,Craig,CO,1/18/2026 8:00,Yes,,7,B,Steamboat Springs Hockey League,Youth
Reyes,Reese,Steamboat Springs Hockey League - B League - Youth,Mt Werner Wolves,Yampa,CO,1/10/2026 15:30,Yes,,4,B,Steamboat Springs Hockey League,Youth
Ramirez,Sage,Steamboat Springs Hockey League - C League - Youth,Mt Werner Wolves,Hayden,CO,10/15/2025 9:00,Yes,,10,C,Steamboat Springs Hockey League,Youth
Ramirez,Harper,Steamboat Springs Hockey League - C League - Youth,Yampa Valley Yetis,Steamboat Springs,CO,10/15/2025 9:00,Yes,,,C,Steamboat Springs Hockey League,Youth
Anderson,Bex,Steamboat Springs Hockey League - C League - Youth,Mt Werner Wolves,Craig,CO,12/18/2025 9:30,Yes,,1,C,Steamboat Springs Hockey League,Youth
Anderson,Wren,Steamboat Springs Hockey League - C League - Youth,Fish Creek Falcons,Craig,CO,12/18/2025 9:30,Yes,,5,C,Steamboat Springs Hockey League,Youth
Taylor,Parker,Steamboat Springs Hockey League - C League - Youth,Howelsen Hill Hawks,Steamboat Springs,CO,12/10/2025 17:00,Yes,,1,C,Steamboat Springs Hockey League,Youth
Cook,Elliot,Steamboat Springs Hockey League - C League - Youth,Storm Peak Predators,Oak Creek,CO,1/3/2026 12:00,Yes,,10,C,Steamboat Springs Hockey League,Youth
Flores,Alex,Steamboat Springs Hockey League - C League - Youth,Howelsen Hill Hawks,Craig,CO,12/10/2025 17:00,Yes,,5,C,Steamboat Springs Hockey League,Youth
Clark,Kendall,Steamboat Springs Hockey League - C League - Youth,Howelsen Hill Hawks,Oak Creek,CO,1/18/2026 8:00,Yes,,0,C,Steamboat Springs Hockey League,Youth
Wilson,Finley,Vail Valley Hockey League - A League,Gore Range Grizzlies,Minturn,CO,1/18/2026 8:00,Yes,,4,A,Vail Valley Hockey League,Adult
Reyes,Skyler,Vail Valley Hockey League - A League,Avon Avalanche,Avon,CO,10/15/2025 9:00,Yes,,4,A,Vail Valley Hockey League,Adult
Lee,Wren,Vail Valley Hockey League - A League,Avon Avalanche,Minturn,CO,11/15/2025 11:30,Yes,,0,A,Vail Valley Hockey League,Adult
Smith,Skyler,Vail Valley Hockey League - A League,Battle Mountain Blazers,Gypsum,CO,10/22/2025 14:00,Yes,,,A,Vail Valley Hockey League,Adult
Smith,Kai,Vail Valley Hockey League - A League,Beaver Creek Bears,Edwards,CO,11/8/2025 16:00,Yes,,,A,Vail Valley Hockey League,Adult
Young,Avery,Vail Valley Hockey League - A League,Battle Mountain Blazers,Vail,CO,11/22/2025 8:00,Yes,,7,A,Vail Valley Hockey League,Adult
Garcia,Drew,Vail Valley Hockey League - A League,Battle Mountain Blazers,Gypsum,CO,10/22/2025 14:00,Yes,,,A,Vail Valley Hockey League,Adult
Clark,Dakota,Vail Valley Hockey League - A League,Avon Avalanche,Eagle,CO,11/8/2025 16:00,Yes,,10,A,Vail Valley Hockey League,Adult
King,Marlowe,Vail Valley Hockey League - A League,Gypsum Gladiators,Edwards,CO,1/18/2026 8:00,Yes,,2,A,Vail Valley Hockey League,Adult
Hill,Reese,Vail Valley Hockey League - A League,Gore Range Grizzlies,Minturn,CO,11/1/2025 10:00,Yes,,,A,Vail Valley Hockey League,Adult
Ramirez,Peyton,Vail Valley Hockey League - A League,Gypsum Gladiators,Eagle,CO,1/18/2026 8:00,Yes,,,A,Vail Valley Hockey League,Adult
Wright,Casey,Vail Valley Hockey League - A League,Eagle River Eagles,Gypsum,CO,11/8/2025 16:00,Yes,,7,A,Vail Valley Hockey League,Adult
Gomez,Kai,Vail Valley Hockey League - B League,Avon Avalanche,Vail,CO,1/10/2026 15:30,Yes,,,B,Vail Valley Hockey League,Adult
Diaz,Morgan,Vail Valley Hockey League - B League,Gore Range Grizzlies,Minturn,CO,10/22/2025 14:00,Yes,,7,B,Vail Valley Hockey League,Adult
Murphy,Gray,Vail Valley Hockey League - B League,Eagle River Eagles,Edwards,CO,11/8/2025 16:00,Yes,,3,B,Vail Valley Hockey League,Adult
Brown,Logan,Vail Valley Hockey League - B League,Vail Vipers,Gypsum,CO,11/1/2025 10:00,Yes,,2,B,Vail Valley Hockey League,Adult
Harris,Noel,Vail Valley Hockey League - B League,Gypsum Gladiators,Edwards,CO,1/18/2026 8:00,Yes,,1,B,Vail Valley Hockey League,Adult
Murphy,Indigo,Vail Valley Hockey League - B League,Avon Avalanche,Minturn,CO,10/15/2025 9:00,Yes,,3,B,Vail Valley Hockey League,Adult
Adams,Shiloh,Vail Valley Hockey League - B League,Beaver Creek Bears,Edwards,CO,10/15/2025 9:00,Yes,,5,B,Vail Valley Hockey League,Adult
Diaz,Noel,Vail Valley Hockey League - B League,Minturn Miners,Avon,CO,11/22/2025 8:00,Yes,,1,B,Vail Valley Hockey League,Adult
Clark,Peyton,Vail Valley Hockey League - B League,Avon Avalanche,Eagle,CO,11/22/2025 8:00,Yes,,,B,Vail Valley Hockey League,Adult
Rodriguez,Jordan,Vail Valley Hockey League - B League,Eagle River Eagles,Vail,CO,12/18/2025 9:30,Yes,,5,B,Vail Valley Hockey League,Adult
Rivera,Emerson,Vail Valley Hockey League - B League,Eagle River Eagles,Edwards,CO,1/18/2026 8:00,Yes,,0,B,Vail Valley Hockey League,Adult
Torres,Sage,Vail Valley Hockey League - B League,Minturn Miners,Avon,CO,1/10/2026 15:30,Yes,,,B,Vail Valley Hockey League,Adult
King,Taylor,Vail Valley Hockey League - C League,Minturn Miners,Avon,CO,1/3/2026 12:00,Yes,,7,C,Vail Valley Hockey League,Adult
Reyes,Marlowe,Vail Valley Hockey League - C League,Vail Vipers,Gypsum,CO,10/15/2025 9:00,Yes,,3,C,Vail Valley Hockey League,Adult
Cook,Riley,Vail Valley Hockey League - C League,Beaver Creek Bears,Edwards,CO,11/8/2025 16:00,Yes,,2,C,Vail Valley Hockey League,Adult
Torres,Rowan,Vail Valley Hockey League - C League,Avon Avalanche,Vail,CO,12/18/2025 9:30,Yes,,1,C,Vail Valley Hockey League,Adult
Hill,Sloane,Vail Valley Hockey League - C League,Beaver Creek Bears,Minturn,CO,10/15/2025 9:00,Yes,,10,C,Vail Valley Hockey League,Adult
Garcia,Jamie,Vail Valley Hockey League - C League,Gore Range Grizzlies,Avon,CO,11/15/2025 11:30,Yes,,2,C,Vail Valley Hockey League,Adult
Garcia,Jordan,Vail Valley Hockey League - C League,Minturn Miners,Eagle,CO,11/22/2025 8:00,Yes,,7,C,Vail Valley Hockey League,Adult
Taylor,Wren,Vail Valley Hockey League - C League,Minturn Miners,Edwards,CO,10/22/2025 14:00,Yes,,10,C,Vail Valley Hockey League,Adult
Flores,Morgan,Vail Valley Hockey League - C League,Gypsum Gladiators,Minturn,CO,11/8/2025 16:00,Yes,,2,C,Vail Valley Hockey League,Adult
Allen,Alex,Vail Valley Hockey League - C League,Beaver Creek Bears,Vail,CO,12/1/2025 13:00,Yes,,10,C,Vail Valley Hockey League,Adult
Thompson,Rowan,Vail Valley Hockey League - C League,Vail Vipers,Gypsum,CO,12/1/2025 13:00,Yes,,5,C,Vail Valley Hockey League,Adult
Harris,Casey,Vail Valley Hockey League - C League,Beaver Creek Bears,Eagle,CO,1/3/2026 12:00,Yes,,2,C,Vail Valley Hockey League,Adult
Miller,Taylor,Vail Valley Hockey League - D League,Gypsum Gladiators,Gypsum,CO,12/1/2025 13:00,Yes,,0,D,Vail Valley Hockey League,Adult
Allen,Emerson,Vail Valley Hockey League - D League,Beaver Creek Bears,Eagle,CO,1/18/2026 8:00,Yes,,1,D,Vail Valley Hockey League,Adult
Clark,Morgan,Vail Valley Hockey League - D League,Battle Mountain Blazers,Eagle,CO,12/18/2025 9:30,Yes,,1,D,Vail Valley Hockey League,Adult
Rogers,Elliot,Vail Valley Hockey League - D League,Battle Mountain Blazers,Gypsum,CO,11/15/2025 11:30,Yes,,10,D,Vail Valley Hockey League,Adult
Miller,Lennon,Vail Valley Hockey League - D League,Beaver Creek Bears,Avon,CO,1/18/2026 8:00,Yes,,2,D,Vail Valley Hockey League,Adult
Scott,Avery,Vail Valley Hockey League - D League,Minturn Miners,Eagle,CO,12/1/2025 13:00,Yes,,1,D,Vail Valley Hockey League,Adult
Lee,Marlowe,Vail Valley Hockey League - D League,Beaver Creek Bears,Edwards,CO,11/22/2025 8:00,Yes,,10,D,Vail Valley Hockey League,Adult
Murphy,Harper,Vail Valley Hockey League - D League,Battle Mountain Blazers,Edwards,CO,1/3/2026 12:00,Yes,,0,D,Vail Valley Hockey League,Adult
Rodriguez,Sloane,Vail Valley Hockey League - D League,Battle Mountain Blazers,Vail,CO,11/8/2025 16:00,Yes,,5,D,Vail Valley Hockey League,Adult
Rivera,Sawyer,Vail Valley Hockey League - D League,Gore Range Grizzlies,Gypsum,CO,1/3/2026 12:00,Yes,,,D,Vail Valley Hockey League,Adult
Hill,Sage,Vail Valley Hockey League - D League,Avon Avalanche,Avon,CO,1/3/2026 12:00,Yes,,5,D,Vail Valley Hockey League,Adult
Young,Sawyer,Vail Valley Hockey League - D League,Eagle River Eagles,Vail,CO,1/3/2026 12:00,Yes,,0,D,Vail Valley Hockey League,Adult
King,Jamie,Vail Valley Hockey League - A League - Youth,Gore Range Grizzlies,Eagle,CO,11/15/2025 11:30,Yes,,4,A,Vail Valley Hockey League,Youth
Davis,Reese,Vail Valley Hockey League - A League - Youth,Eagle River Eagles,Gypsum,CO,10/22/2025 14:00,Yes,,5,A,Vail Valley Hockey League,Youth
Reyes,Rowan,Vail Valley Hockey League - A League - Youth,Gore Range Grizzlies,Gypsum,CO,11/1/2025 10:00,Yes,,3,A,Vail Valley Hockey League,Youth
Nelson,Sage,Vail Valley Hockey League - A League - Youth,Eagle River Eagles,Avon,CO,1/3/2026 12:00,Yes,,0,A,Vail Valley Hockey League,Youth
Thompson,Noel,Vail Valley Hockey League - A League - Youth,Vail Vipers,Vail,CO,12/10/2025 17:00,Yes,,4,A,Vail Valley Hockey League,Youth
Scott,Blake,Vail Valley Hockey League - A League - Youth,Gore Range Grizzlies,Gypsum,CO,12/1/2025 13:00,Yes,,3,A,Vail Valley Hockey League,Youth
Murphy,Harper,Vail Valley Hockey League - A League - Youth,Gore Range Grizzlies,Minturn,CO,10/22/2025 14:00,Yes,,5,A,Vail Valley Hockey League,Youth
Williams,Alex,Vail Valley Hockey League - A League - Youth,Battle Mountain Blazers,Minturn,CO,10/22/2025 14:00,Yes,,0,A,Vail Valley Hockey League,Youth
Baker,Sage,Vail Valley Hockey League - B League - Youth,Battle Mountain Blazers,Avon,CO,1/3/2026 12:00,Yes,,3,B,Vail Valley Hockey League,Youth
Wright,Sawyer,Vail Valley Hockey League - B League - Youth,Vail Vipers,Gypsum,CO,11/1/2025 10:00,Yes,,4,B,Vail Valley Hockey League,Youth
Baker,Blake,Vail Valley Hockey League - B League - Youth,Minturn Miners,Edwards,CO,12/1/2025 13:00,Yes,,7,B,Vail Valley Hockey League,Youth
Lewis,Kendall,Vail Valley Hockey League - B League - Youth,Gore Range Grizzlies,Edwards,CO,1/18/2026 8:00,Yes,,7,B,Vail Valley Hockey League,Youth
Cruz,Reese,Vail Valley Hockey League - B League - Youth,Gore Range Grizzlies,Eagle,CO,1/3/2026 12:00,Yes,,10,B,Vail Valley Hockey League,Youth
Adams,Cameron,Vail Valley Hockey League - B League - Youth,Minturn Miners,Edwards,CO,11/15/2025 11:30,Yes,,4,B,Vail Valley Hockey League,Youth
Wright,Blake,Vail Valley Hockey League - B League - Youth,Beaver Creek Bears,Eagle,CO,11/15/2025 11:30,Yes,,1,B,Vail Valley Hockey League,Youth
Young,Morgan,Vail Valley Hockey League - B League - Youth,Vail Vipers,Eagle,CO,1/10/2026 15:30,Yes,,3,B,Vail Valley Hockey League,Youth
Hill,Quinn,Vail Valley Hockey League - C League - Youth,Beaver Creek Bears,Edwards,CO,12/1/2025 13:00,Yes,,1,C,Vail Valley Hockey League,Youth
Ramirez,Sloane,Vail Valley Hockey League - C League - Youth,Gore Range Grizzlies,Edwards,CO,10/15/2025 9:00,Yes,,0,C,Vail Valley Hockey League,Youth
Cruz,Remy,Vail Valley Hockey League - C League - Youth,Gore Range Grizzlies,Gypsum,CO,10/15/2025 9:00,Yes,,1,C,Vail Valley Hockey League,Youth
Williams,Noel,Vail Valley Hockey League - C League - Youth,Gore Range Grizzlies,Edwards,CO,1/3/2026 12:00,Yes,,4,C,Vail Valley Hockey League,Youth
Clark,Cameron,Vail Valley Hockey League - C League - Youth,Gypsum Gladiators,Minturn,CO,1/3/2026 12:00,Yes,,,C,Vail Valley Hockey League,Youth
Wilson,Avery,Vail Valley Hockey League - C League - Youth,Avon Avalanche,Vail,CO,11/1/2025 10:00,Yes,,3,C,Vail Valley Hockey League,Youth
Cruz,Blake,Vail Valley Hockey League - C League - Youth,Eagle River Eagles,Minturn,CO,11/1/2025 10:00,Yes,,10,C,Vail Valley Hockey League,Youth
Diaz,Dakota,Vail Valley Hockey League - C League - Youth,Gypsum Gladiators,Avon,CO,11/1/2025 10:00,Yes,,4,C,Vail Valley Hockey League,Youth
Smith,Jordan,Durango Ice League - A League,Bodo Park Bruins,Ignacio,CO,11/15/2025 11:30,Yes,,1,A,Durango Ice League,Adult
Brown,Blake,Durango Ice League - A League,Bodo Park Bruins,Mancos,CO,1/10/2026 15:30,Yes,,4,A,Durango Ice League,Adult
Baker,Blake,Durango Ice League - A League,Smelter Mountain Sharks,Ignacio,CO,12/1/2025 13:00,Yes,,4,A,Durango Ice League,Adult
Diaz,Riley,Durango Ice League - A League,Needles District Knights,Mancos,CO,1/10/2026 15:30,Yes,,1,A,Durango Ice League,Adult
King,Bex,Durango Ice League - A League,Trimble Hot Springs,Durango,CO,12/18/2025 9:30,Yes,,1,A,Durango Ice League,Adult
Wright,Reese,Durango Ice League - A League,Needles District Knights,Bayfield,CO,12/10/2025 17:00,Yes,,5,A,Durango Ice League,Adult
Brown,Jamie,Durango Ice League - A League,Trimble Hot Springs,Bayfield,CO,12/10/2025 17:00,Yes,,,A,Durango Ice League,Adult
Allen,Sawyer,Durango Ice League - A League,Needles District Knights,Mancos,CO,11/8/2025 16:00,Yes,,7,A,Durango Ice League,Adult
Lewis,Quinn,Durango Ice League - A League,Purgatory Predators,Durango,CO,12/10/2025 17:00,Yes,,4,A,Durango Ice League,Adult
Rodriguez,Sawyer,Durango Ice League - A League,Needles District Knights,Mancos,CO,10/22/2025 14:00,Yes,,0,A,Durango Ice League,Adult
Cook,Hayden,Durango Ice League - A League,Animas River Runners,Durango,CO,10/22/2025 14:00,Yes,,0,A,Durango Ice League,Adult
Williams,Elliot,Durango Ice League - A League,Smelter Mountain Sharks,Cortez,CO,1/3/2026 12:00,Yes,,5,A,Durango Ice League,Adult
Green,Quinn,Durango Ice League - B League,Purgatory Predators,Mancos,CO,12/10/2025 17:00,Yes,,1,B,Durango Ice League,Adult
Nelson,Sawyer,Durango Ice League - B League,Purgatory Predators,Bayfield,CO,1/10/2026 15:30,Yes,,0,B,Durango Ice League,Adult
Torres,Alex,Durango Ice League - B League,Animas River Runners,Ignacio,CO,10/22/2025 14:00,Yes,,0,B,Durango Ice League,Adult
Baker,Sage,Durango Ice League - B League,Needles District Knights,Durango,CO,1/3/2026 12:00,Yes,,1,B,Durango Ice League,Adult
Allen,Skyler,Durango Ice League - B League,Fort Lewis Falcons,Hesperus,CO,1/10/2026 15:30,Yes,,5,B,Durango Ice League,Adult
Rivera,Harper,Durango Ice League - B League,La Plata Lightning,Mancos,CO,12/18/2025 9:30,Yes,,4,B,Durango Ice League,Adult
Martinez,Morgan,Durango Ice League - B League,Purgatory Predators,Ignacio,CO,11/22/2025 8:00,Yes,,0,B,Durango Ice League,Adult
Hill,Peyton,Durango Ice League - B League,Purgatory Predators,Mancos,CO,12/10/2025 17:00,Yes,,1,B,Durango Ice League,Adult
Wilson,Morgan,Durango Ice League - B League,Smelter Mountain Sharks,Cortez,CO,11/1/2025 10:00,Yes,,1,B,Durango Ice League,Adult
Ramirez,Jamie,Durango Ice League - B League,Bodo Park Bruins,Bayfield,CO,11/22/2025 8:00,Yes,,0,B,Durango Ice League,Adult
Rodriguez,Hayden,Durango Ice League - B League,Needles District Knights,Bayfield,CO,10/15/2025 9:00,Yes,,0,B,Durango Ice League,Adult
Cook,Shiloh,Durango Ice League - B League,La Plata Lightning,Hesperus,CO,12/18/2025 9:30,Yes,,5,B,Durango Ice League,Adult
Cook,Marlowe,Durango Ice League - C League,Animas River Runners,Durango,CO,11/1/2025 10:00,Yes,,5,C,Durango Ice League,Adult
Young,Emerson,Durango Ice League - C League,Bodo Park Bruins,Bayfield,CO,10/22/2025 14:00,Yes,,1,C,Durango Ice League,Adult
Anderson,Wren,Durango Ice League - C League,Smelter Mountain Sharks,Hesperus,CO,11/8/2025 16:00,Yes,,10,C,Durango Ice League,Adult
Taylor,Harper,Durango Ice League - C League,Animas River Runners,Cortez,CO,11/1/2025 10:00,Yes,,10,C,Durango Ice League,Adult
Garcia,Gray,Durango Ice League - C League,Bodo Park Bruins,Ignacio,CO,10/15/2025 9:00,Yes,,,C,Durango Ice League,Adult
Cruz,Sage,Durango Ice League - C League,Needles District Knights,Mancos,CO,12/1/2025 13:00,Yes,,,C,Durango Ice League,Adult
Taylor,Quinn,Durango Ice League - C League,Smelter Mountain Sharks,Bayfield,CO,12/1/2025 13:00,Yes,,10,C,Durango Ice League,Adult
Adams,River,Durango Ice League - C League,La Plata Lightning,Mancos,CO,11/8/2025 16:00,Yes,,5,C,Durango Ice League,Adult
Baker,Alex,Durango Ice League - C League,Smelter Mountain Sharks,Durango,CO,11/8/2025 16:00,Yes,,3,C,Durango Ice League,Adult
Cook,Jamie,Durango Ice League - C League,Trimble Hot Springs,Mancos,CO,12/18/2025 9:30,Yes,,,C,Durango Ice League,Adult
Martinez,Dakota,Durango Ice League - C League,Smelter Mountain Sharks,Mancos,CO,11/8/2025 16:00,Yes,,0,C,Durango Ice League,Adult
Wilson,Sage,Durango Ice League - C League,Bodo Park Bruins,Durango,CO,10/15/2025 9:00,Yes,,5,C,Durango Ice League,Adult
Lee,Cameron,Durango Ice League - D League,Fort Lewis Falcons,Cortez,CO,12/10/2025 17:00,Yes,,3,D,Durango Ice League,Adult
Williams,Sage,Durango Ice League - D League,La Plata Lightning,Cortez,CO,1/18/2026 8:00,Yes,,3,D,Durango Ice League,Adult
Flores,Kendall,Durango Ice League - D League,Needles District Knights,Bayfield,CO,11/22/2025 8:00,Yes,,10,D,Durango Ice League,Adult
Adams,Logan,Durango Ice League - D League,Purgatory Predators,Hesperus,CO,11/1/2025 10:00,Yes,,0,D,Durango Ice League,Adult
Hall,Remy,Durango Ice League - D League,Smelter Mountain Sharks,Hesperus,CO,10/22/2025 14:00,Yes,,3,D,Durango Ice League,Adult
Lewis,Jordan,Durango Ice League - D League,Fort Lewis Falcons,Mancos,CO,12/1/2025 13:00,Yes,,3,D,Durango Ice League,Adult
Davis,Lennon,Durango Ice League - D League,Trimble Hot Springs,Bayfield,CO,11/1/2025 10:00,Yes,,1,D,Durango Ice League,Adult
Harris,Kai,Durango Ice League - D League,La Plata Lightning,Cortez,CO,12/1/2025 13:00,Yes,,3,D,Durango Ice League,Adult
Reyes,Spencer,Durango Ice League - D League,Trimble Hot Springs,Ignacio,CO,10/22/2025 14:00,Yes,,1,D,Durango Ice League,Adult
Rodriguez,Rowan,Durango Ice League - D League,Animas River Runners,Ignacio,CO,1/18/2026 8:00,Yes,,7,D,Durango Ice League,Adult
Hill,Rowan,Durango Ice League - D League,Needles District Knights,Bayfield,CO,11/8/2025 16:00,Yes,,7,D,Durango Ice League,Adult
Adams,Wren,Durango Ice League - D League,Smelter Mountain Sharks,Durango,CO,12/18/2025 9:30,Yes,,1,D,Durango Ice League,Adult
Anderson,Casey,Durango Ice League - A League - Youth,Purgatory Predators,Durango,CO,11/22/2025 8:00,Yes,,5,A,Durango Ice League,Youth
Rogers,Kendall,Durango Ice League - A League - Youth,Bodo Park Bruins,Durango,CO,10/22/2025 14:00,Yes,,2,A,Durango Ice League,Youth
Gomez,Logan,Durango Ice League - A League - Youth,Animas River Runners,Bayfield,CO,10/15/2025 9:00,Yes,,4,A,Durango Ice League,Youth
Torres,Sloane,Durango Ice League - A League - Youth,Needles District Knights,Hesperus,CO,11/1/2025 10:00,Yes,,,A,Durango Ice League,Youth
Torres,Indigo,Durango Ice League - A League - Youth,Smelter Mountain Sharks,Bayfield,CO,1/18/2026 8:00,Yes,,4,A,Durango Ice League,Youth
Brown,Morgan,Durango Ice League - A League - Youth,Fort Lewis Falcons,Durango,CO,12/10/2025 17:00,Yes,,7,A,Durango Ice League,Youth
Reyes,Marlowe,Durango Ice League - A League - Youth,Bodo Park Bruins,Hesperus,CO,10/15/2025 9:00,Yes,,,A,Durango Ice League,Youth
Green,Jordan,Durango Ice League - A League - Youth,Bodo Park Bruins,Ignacio,CO,1/18/2026 8:00,Yes,,0,A,Durango Ice League,Youth
Nelson,Lennon,Durango Ice League - B League - Youth,Smelter Mountain Sharks,Bayfield,CO,12/1/2025 13:00,Yes,,5,B,Durango Ice League,Youth
Thompson,Sage,Durango Ice League - B League - Youth,Bodo Park Bruins,Ignacio,CO,1/3/2026 12:00,Yes,,,B,Durango Ice League,Youth
Baker,Reese,Durango Ice League - B League - Youth,Needles District Knights,Bayfield,CO,1/10/2026 15:30,Yes,,7,B,Durango Ice League,Youth
Brown,Noel,Durango Ice League - B League - Youth,Trimble Hot Springs,Cortez,CO,11/1/2025 10:00,Yes,,10,B,Durango Ice League,Youth
Wright,Spencer,Durango Ice League - B League - Youth,Purgatory Predators,Cortez,CO,1/18/2026 8:00,Yes,,0,B,Durango Ice League,Youth
Garcia,Taylor,Durango Ice League - B League - Youth,Bodo Park Bruins,Hesperus,CO,11/8/2025 16:00,Yes,,,B,Durango Ice League,Youth
Wilson,Hayden,Durango Ice League - B League - Youth,Bodo Park Bruins,Durango,CO,11/15/2025 11:30,Yes,,1,B,Durango Ice League,Youth
Johnson,Cameron,Durango Ice League - B League - Youth,Smelter Mountain Sharks,Bayfield,CO,1/3/2026 12:00,Yes,,4,B,Durango Ice League,Youth
Ramirez,Quinn,Durango Ice League - C League - Youth,Smelter Mountain Sharks,Cortez,CO,11/8/2025 16:00,Yes,,,C,Durango Ice League,Youth
Diaz,Alex,Durango Ice League - C League - Youth,Animas River Runners,Bayfield,CO,11/22/2025 8:00,Yes,,7,C,Durango Ice League,Youth
Rodriguez,Quinn,Durango Ice League - C League - Youth,Animas River Runners,Bayfield,CO,12/10/2025 17:00,Yes,,0,C,Durango Ice League,Youth
Gomez,Sage,Durango Ice League - C League - Youth,Smelter Mountain Sharks,Mancos,CO,1/10/2026 15:30,Yes,,10,C,Durango Ice League,Youth
Davis,Morgan,Durango Ice League - C League - Youth,Bodo Park Bruins,Durango,CO,11/22/2025 8:00,Yes,,10,C,Durango Ice League,Youth
Rodriguez,Skyler,Durango Ice League - C League - Youth,Purgatory Predators,Ignacio,CO,1/18/2026 8:00,Yes,,1,C,Durango Ice League,Youth
Lewis,Sawyer,Durango Ice League - C League - Youth,Animas River Runners,Mancos,CO,11/8/2025 16:00,Yes,,10,C,Durango Ice League,Youth
Williams,River,Durango Ice League - C League - Youth,La Plata Lightning,Bayfield,CO,11/22/2025 8:00,Yes,,0,C,Durango Ice League,Youth
